address,symbol,decimals
0x0000000000000000000000000000000000000000,ETH,18
0x6982508145454Ce325dDbE47a25d4ec3d2311933,PEPE,18
0x0000000000085d4780b73119b644ae5ecd22b376,TUSD,18
0xCA30c93B02514f86d5C86a6e375E3A330B435Fb5,bIB01,18
0x0000000000095413afc295d19edeb1ad7b71c952,LON,18
0x0000000ea8e044a0b9191343a10aad1ae1d4d8fe,Nike,18
0x1abaea1f7c830bd89acc67ec4af516284b1bc33c,EUROC,6
0xd7c9f0e536dc865ae858b0c0453fe76d13c3beac,XAI,18
0x001a8ffcb0f03e99141652ebcdecdb0384e3bd6c,PKR,18
0x00813e3421e1367353bfe7615c7f7f133c89df74,SPS,18
0x00a8b738e453ffd858a7edf03bccfe20412f0eb0,ALBT,18
0x00c83aecc790e8a4453e5dd3b0b4b3680501a7a7,SKL,18
0x01597e397605bf280674bf292623460b4204c375,BENT,18
0x01ba67aac7f75f647d94220cc98fb30fcc5105bf,LYRA,18
0x01e0e2e61f554ecaaec0cc933e739ad90f24a86d,GTON,18
0x0202be363b8a4820f3f4de7faf5224ff05943ab1,UFT,18
0x0258f474786ddfd37abce6df6bbb1dd5dfc4434a,ORN,8
0x02d3a27ac3f55d5d91fb0f52759842696a864217,IONX,18
0x0309c98b1bffa350bcb3f9fb9780970ca32a5060,BDI,18
0x0316eb71485b0ab14103307bf65a021042c6d380,HBTC,18
0x03352d267951e96c6f7235037c5dfd2ab1466232,oneFOX,18
0x037a54aab062628c9bbae1fdb1583c195585fe41,LCX,18
0x038a68ff68c393373ec894015816e33ad41bd564,GLCH,18
0x0391d2021f89dc339f60fff84546ea23e337750f,BARNB,18
0x03ab458634910aad20ef5f1c8ee96f1d6ac54919,RAI,18
0x03be5c903c727ee2c8c4e9bc0acc860cca4715e2,CAPS,18
0x03d1e72765545729a035e909edd9371a405f77fb,NABOX,18
0x03e173ad8d1581a4802d3b532ace27a62c5b81dc,THALES,18
0x042b5e17999e2c2a916159fd6d9b06a0c4286444,SHAQ,18
0x044727e50ff30db57fad06ff4f5846eab5ea52a2,kitty,9
0x0488401c3f535193fa8df029d9ffe615a06e74e6,SRK,18
0x04969cd041c0cafb6ac462bd65b536a5bdb3a670,wOMI,18
0x04a5198063e45d84b1999516d3228167146417a6,SHR,9
0x04f2694c8fcee23e8fd0dfea1d4f5bb8c352111f,sOHM,9
0x04fa0d235c4abf4bcf4787af4cf447de572ef828,UMA,18
0x05079687d35b93538cbd59fe5596380cae9054a9,BTSG,18
0x054d64b73d3d8a21af3d764efd76bcaa774f3bb2,PPAY,18
0x0563dce613d559a47877ffd1593549fb9d3510d6,SUPERBID,18
0x056fd409e1d7a124bd7017459dfea2f387b6d5cd,GUSD,2
0x06576eb3b212d605b797dc15523d9dc9f4f66db4,TCP,18
0x06a01a4d579479dd5d884ebf61a31727a3d8d442,Skey,8
0x06c1d7798a4a113ae7928bbb79f0df24035cc993,PSTAKE,18
0x06f3c323f0238c72bf35011071f2b5b7f43a054c,MASQ,18
0x072987d5b36ad8d45552aed98879a7101ccdd749,BNV,18
0x0763fdccf1ae541a5961815c0872a8c5bc6de4d7,SUKU,18
0x07a0ad7a9dfc3854466f8f29a173bf04bba5686e,SLM,18
0x07bac35846e5ed502aa91adf6a9e7aa210f2dcbe,erowan,18
0x081131434f93063751813c619ecca9c4dc7862a3,DAR,6
0x08c32b0726c5684024ea6e141c50ade9690bbdcc,STOS,18
0x090185f2135308bad17527004364ebcc2d37e5f6,SPELL,18
0x0924d87605e51764a4620b8c41712a29e9c234c9,LUFX,9
0x094f00cb5e31ab6164e3cacb654e8d6c2b3b471c,PROSWAP,6
0x0954906da0bf32d5479e25f46056d22f08464cab,INDEX,18
0x09a3ecafa817268f77be1283176b946c4ff2e608,MIR,18
0x09ce2b746c32528b7d864a1e3979bd97d2f095ab,DFL,18
0x0a0e3bfd5a8ce610e735d4469bc1b3b130402267,ERP,18
0x0a5e677a6a24b2f1a2bf4f3bffc443231d2fdec8,USX,18
0x0a913bead80f321e7ac35285ee10d9d922659cb7,DOS,18
0x0aacfbec6a24756c20d41914f2caba817c0d8521,YAM,18
0x0ab87046fbb341d058f17cbc4c1133f25a20a52f,gOHM,18
0x0abdace70d3790235af448c88547603b945604ea,DNT,18
0x0acc0fee1d86d2cd5af372615bf59b298d50cd69,ILSI,18
0x0ada190c81b814548ddc2f6adc4a689ce7c1fe73,YAXIS,18
0x0ae055097c6d159879521c384f1d2123d1f195e6,STAKE,18
0x0af55d5ff28a3269d69b98680fd034f115dd53ac,BSL,8
0x0b38210ea11411557c13457d4da7dc6ea731b88a,API3,18
0x0b498ff89709d3838a063f1dfa463091f9801c2b,BTC2x-FLI,18
0x0b5ecbb411d8fe829e5eac253ee1f2dc05d8d1ae,KUNO,9
0x0bc529c00c6401aef6d220be8c6ea1667f6ad93e,YFI,18
0x0be4447860ddf283884bbaa3702749706750b09e,AGFI,9
0x0c3685559af6f3d20c501b1076a8056a0a14426a,miniSAITAMA,9
0x0c7d5ae016f806603cb1782bea29ac69471cab9c,BFC,18
0x0cd022dde27169b20895e0e2b2b8a33b25e63579,RISE,18
0x0cdf9acd87e940837ff21bb40c9fd55f68bba059,MINT,18
0x0cec1a9154ff802e7934fc916ed7ca50bde6844e,POOL,18
0x0d438f3b5175bebc262bf23753c1e53d03432bde,wNXM,18
0x0d8775f648430679a709e98d2b0cb6250d2887ef,BAT,18
0x0d88ed6e74bbfd96b831231638b66c05571e824f,AVT,18
0x0e192d382a36de7011f795acc4391cd302003606,FST,18
0x0e29e5abbb5fd88e28b2d355774e73bd47de3bcd,HAKKA,18
0x0e5c8c387c5eba2ecbc137ad012aed5fe729e251,RPG,18
0x0e8d6b471e332f140e7d9dbb99e5e3822f728da6,ABYSS,18
0x0ec78ed49c2d27b315d462d43b5bab94d2c79bf8,ZERO,18
0x0ec9f76202a7061eb9b3a7d6b59d36215a7e37da,BPT,18
0x0edf9bc41bbc1354c70e2107f80c42cae7fbbca8,STRM,18
0x0f2d719407fdbeff09d87557abb7232601fd9f29,SYN,18
0x0f51bb10119727a7e5ea3538074fb341f56b09ad,DAO,18
0x0f5d2fb29fb7d3cfee444a200298f468908cc942,MANA,18
0x0f7f961648ae6db43c75663ac7e5414eb79b5704,XIO,18
0x0fd10b9899882a6f2fcb5c371e17e70fdee00c38,PUNDIX,18
0x0fe629d1e84e171f8ff0c1ded2cc2221caa48a3f,MASK,18
0x0ff6ffcfda92c53f615a4a75d982f399c989366b,LAYER,18
0x10633216e7e8281e33c86f02bf8e565a635d9770,DVI,18
0x106552c11272420aad5d7e94f8acab9095a6c952,KEANU,9
0x108a850856db3f85d0269a2693d896b394c80325,TGT,18
0x10be9a8dae441d276a5027936c3aaded2d82bc15,UMX,18
0x111111111117dc0aa78b770fa6a738034120c302,1INCH,18
0x1117ac6ad6cdf1a3bc543bad3b133724620522d5,MODA,18
0x120a3879da835a5af037bb2d1456bebd6b54d4ba,RVST,18
0x126c121f99e1e211df2e5f8de2d96fa36647c855,DEGEN,18
0x12b19d3e2ccc14da04fae33e63652ce469b3f2fd,GRID,12
0x12bb890508c125661e03b09ec06e404bc9289040,RACA,18
0x1321f1f1aa541a56c31682c57b80ecfccd9bb288,ARCX,18
0x1337def16f9b486faed0293eb623dc8395dfe46a,ARMOR,18
0x1337def18c680af1f9f45cbcab6309562975b1dd,arNXM,18
0x143e2107deec60ad2be9252f3db3f7b0b57a235a,ADIDAS,18
0x147a49bcbd96aa4318b56daa8a0288db896b34e3,BCD,18
0x1494ca1f11d487c2bbe4543e90080aeba4ba3c2b,DPI,18
0x14da7b27b2e0fedefe0a664118b0c9bc68e2e9af,BCUG,18
0x14eb60f5f270b059b0c788de0ddc51da86f8a06d,KCAL,10
0x155040625d7ae3e9cada9a73e3e44f76d3ed1409,REVO,18
0x1559fa1b8f28238fd5d76d9f434ad86fd20d1559,EDEN,18
0x1571ed0bed4d987fe2b498ddbae7dfa19519f651,iFARM,18
0x15874d65e649880c2614e7a480cb7c9a55787ff6,eMax,18
0x15b543e986b8c34074dfc9901136d9355a537e7e,STC,18
0x15b7c0c907e4c6b9adaaaabc300c08991d6cea05,GEL,18
0x15d4c048f83bd7e37d49ea4c83a07267ec4203da,GALA,8
0x15ee120fd69bec86c1d38502299af7366a41d1a6,BitANT,18
0x1614f18fc94f47967a3fbe5ffcd46d4e7da3d787,PAID,18
0x16980b3b4a3f9d89e33311b5aa8f80303e5ca4f8,KEX,6
0x16c52ceece2ed57dad87319d91b5e3637d50afa4,TCAP,18
0x16cda4028e9e872a38acb903176719299beaed87,MARS4,18
0x16eccfdbb4ee1a85a33f3a9b21175cd7ae753db4,ROUTE,18
0x1712aad2c773ee04bdc9114b32163c058321cd85,LIMIT,18
0x1735db6ab5baa19ea55d0adceed7bcdc008b3136,URQA,18
0x175c4372996ca60601cfebfa37126ff30bbec5a2,ZYNGA,18
0x178c820f862b14f316509ec36b13123da19a6054,EWTB,18
0x1796ae0b0fa4862485106a0de9b654efe301d0b2,PMON,18
0x17ef75aa22dd5f6c2763b8304ab24f40ee54d48a,RVP,18
0x188e817b02e635d482ae4d81e25dda98a97c4a42,LITH,18
0x18aaa7115705e8be94bffebde57af9bfc265b998,AUDIO,18
0x196f4727526ea7fb1e17b2071b3d8eaa38486988,RSV,18
0x19d4beb2bc410b80084fcbd0ac024326f4d3a370,ViCA,18
0x19d97d8fa813ee2f51ad4b4e04ea08baf4dffc28,bBADGER,18
0x1a3496c18d558bd9c6c8f609e1b129f67ab08163,DEP,18
0x1a4b46696b2bb4794eb3d4c26f1c55f9170fa4c5,BIT,18
0x1a7e4e63778b4f12a199c062f3efdd288afcbce8,agEUR,18
0x1b40183efb4dd766f11bda7a7c3ad8982e998421,VSP,18
0x1b890fd37cd50bea59346fc2f8ddb7cd9f5fabd5,NEWO,18
0x1b9baf2a3edea91ee431f02d449a1044d5726669,CLIFF,18
0x1c5db575e2ff833e46a2e9864c22f4b22e0b37c2,renZEC,8
0x1c9922314ed1415c95b9fd453c3818fd41867d0b,TOWER,18
0x1ceb5cb57c4d4e2b2433641b95dd330a33185a44,KP3R,18
0x1e2f15302b90edde696593607b6bd444b64e8f02,Shiryo-Inu,9
0x1e83916ea2ef2d7a6064775662e163b2d4c330a7,EGL,18
0x1e987df68cc13d271e621ec82e050a1bbd62c180,WAGMI,18
0x1f3f9d3068568f8040775be2e8c03c103c61f3af,ARCH,18
0x1f573d6fb3f13d689ff844b4ce37794d79a7ff1c,BNT,18
0x1f8a626883d7724dbd59ef51cbd4bf1cf2016d13,STAK,18
0x1f9840a85d5af5bf1d1762f925bdaddc4201f984,UNI,18
0x1fe24f25b1cf609b9c4e7e12d802e3640dfa5e43,CGG,18
0x20945ca1df56d237fd40036d47e866c7dccd2114,Nsure,18
0x20a8cec5fffea65be7122bcab2ffe32ed4ebf03a,DNXC,18
0x2112252c2acb03b8c22bef1c5b6204305e8a742c,XMAS,18
0x212dd60d4bf0da8372fe8116474602d429e5735f,STBU,18
0x2162a0786ab03805091e887c7f894776656bede1,LBL,18
0x217ddead61a42369a266f1fb754eb5d3ebadc88a,DONKEY,18
0x21ad647b8f4fe333212e735bfc1f36b4941e6ad2,SQUID,9
0x21bfbda47a0b4b5b1248c767ee49f7caa9b23697,OVR,18
0x21e783bcf445b515957a10e992ad3c8e9ff51288,LGB,18
0x220b71671b649c03714da9c621285943f3cbcdc6,DIS,18
0x221657776846890989a759ba2973e427dff5c9bb,REPv2,18
0x2260fac5e5542a773aa44fbcfedf7c193bc2c599,WBTC,8
0x226f7b842e0f0120b7e194d05432b3fd14773a9d,UNN,18
0x22b6c31c2beb8f2d0d5373146eed41ab9ede3caf,COC,8
0x232fb065d9d24c34708eedbf03724f2e95abe768,SHEESHA,18
0x23b608675a2b2fb1890d3abbd85c5775c51691d5,SOCKS,18
0x249e38ea4102d0cf8264d3701f1a0e39c4f2dc3b,UFO,18
0x24a6a37576377f63f194caa5f518a60f45b42921,FloatBANK,18
0x24e89bdf2f65326b94e36978a7edeac63623dafa,TKING,18
0x25b3e27f03fd51163818b111690066e1b088f800,MFC,9
0x25e1474170c4c0aa64fa98123bdc8db49d7802fa,BID,18
0x25f8087ead173b73d6e8b84329989a8eea16cf73,YGG,18
0x2602278ee1882889b946eb11dc0e810075650983,VADER,18
0x2610f0bfc21ef389fe4d03cfb7de9ac1e6c99d6e,SKYRIM,18
0x2620638eda99f9e7e902ea24a285456ee9438861,CSM,18
0x2653891204f463fb2a2f4f412564b19e955166ae,NGL,18
0x26607ac599266b21d13c7acf7942c7701a8b699c,PIPT,18
0x269616d549d7e8eaa82dfb17028d0b212d11232a,PUNK,18
0x26c8afbbfe1ebaca03c2bb082e69d0476bffe099,CELL,18
0x26db5439f651caf491a87d48799da81f191bdb6b,CBC,8
0x26e75307fc0c021472feb8f727839531f112f317,C20,18
0x27054b13b1b798b345b591a4d22e6562d47ea75a,AST,4
0x275f5ad03be0fa221b4c6649b8aee09a42d9412a,MONA,18
0x27702a26126e0b3702af63ee09ac4d1a084ef628,ALEPH,18
0x2781246fe707bb15cee3e5ea354e2154a2877b16,EL,18
0x2791bfd60d232150bff86b39b7146c0eaaa2ba81,BiFi,18
0x27c70cd1946795b66be9d954418546998b546634,LEASH,18
0x284b19a5fa65f706422c0c86566e407b0e70e537,BITA,9
0x2881080650b782a48b03a1f5bd30df117b6a5bd5,KAREN,9
0x28c5805b64d163588a909012a628b5a03c1041f9,CHOPPER,9
0x295b42684f90c77da7ea46336001010f2791ec8c,XI,18
0x295ee0913201f181db45d80aeb1bbbe3b3308623,NIKE,18
0x297d33e17e61c2ddd812389c2105193f8348188a,$TRDL,18
0x298d492e8c1d909d3f63bc4a36c66c64acb3d695,PBR,18
0x29a5c1db7321c5c9eae57f9366ee8eef00ca11fb,SHKOOBY,18
0x2a039b1d9bbdccbb91be28691b730ca893e5e743,RNB,18
0x2a2550e0a75acec6d811ae3930732f7f3ad67588,PATH,18
0x2a3bff78b79a009976eea096a51a948a3dc00e34,WILDER,18
0x2a8e1e676ec238d8a992307b495b45b3feaa5e86,OUSD,18
0x2af1df3ab0ab157e1e2ad8f88a7d04fbea0c7dc6,BED,18
0x2b591e99afe9f32eaa6214f7b7629768c40eeb39,HEX,8
0x2b89bf8ba858cd2fcee1fada378d5cd6936968be,WSCRT,6
0x2b915b505c017abb1547aa5ab355fbe69865cc6d,MAPS,6
0x2ba592f78db6436527729929aaf6c908497cb200,CREAM,18
0x2ba8349123de45e931a8c8264c332e6e9cf593f9,BCMC,18
0x2c33b28527a63cdf13c0b24ce4cf5bf9c9fb3bc6,Kitty Dinger,9
0x2c974b2d0ba1716e644c1fc59982a89ddd2ff724,VIB,18
0x2d94aa3e47d9d5024503ca8491fce9a2fb4da198,BANK,18
0x2e1e15c44ffe4df6a0cb7371cd00d5028e571d14,MTLX,18
0x2e2364966267b5d7d2ce6cd9a9b5bd19d9c7c6a9,VOICE,18
0x2e7b0d4f9b2eaf782ed3d160e3a0a4b1a7930ada,CERES,18
0x2e85ae1c47602f7927bcabc2ff99c40aa222ae15,KATA,18
0x2e9d63788249371f1dfc918a52f8d799f4a38c94,TOKE,18
0x2edf094db69d6dcd487f1b3db9febe2eec0dd4c5,ZEE,18
0x2f109021afe75b949429fe30523ee7c0d5b27207,OCC,18
0x3063c77c4ef5c1de185321ae2bc5675e17344f7f,$WEAPON,9
0x3085154623f51b00dedfc6ceeb5197277a66b17b,NFTY2,18
0x30f271c9e86d2b7d00a6376cd96a1cfbd5f0b9b3,DEC,18
0x3106a0a076bedae847652f42ef07fd58589e001f,$ADS,18
0x31429d1856ad1377a8a0079410b297e1a9e214c2,ANGLE,18
0x3155ba85d5f96b2d030a4966af206230e46849cb,RUNE,18
0x31c2415c946928e9fd1af83cdfa38d3edbd4326f,UMAD,8
0x31c8eacbffdd875c74b94b077895bd78cf1e64a3,RAD,18
0x3212b29e33587a00fb1c83346f5dbfa69a458923,imBTC,8
0x3218a02f8f8b5c3894ce30eb255f10bcba13e654,MEGA,18
0x321c2fe4446c7c963dc41dd58879af648838f98d,CTX,18
0x322d6c69048330247165231eb7848a5c80a48878,OT-SLP-29DEC2022,18
0x32353a6c91143bfd6c7d363b546e62a9a2489a20,AGLD,18
0x32a7c02e79c4ea1008dd6564b35f131428673c41,CRU,18
0x3301ee63fb29f863f2333bd4466acb46cd8323e6,AKITA,18
0x332e824e46fceeb9e59ba9491b80d3e6d42b0b59,CHEESE,18
0x33349b282065b0284d756f0577fb39c158f935e6,MPL,18
0x33d0568941c0c64ff7e0fb4fba0b11bd37deed9f,RAMP,18
0x33d63ba1e57e54779f7ddaeaa7109349344cf5f1,DATA,18
0x33e18a092a93ff21ad04746c7da12e35d34dc7c4,PLAY,18
0x340d2bde5eb28c1eed91b2f790723e3b160613b7,VEE,18
0x3431f91b3a388115f00c5ba9fdb899851d005fb5,GERO,18
0x3432b6a60d23ca0dfca7761b7ab56459d9c964d0,FXS,18
0x345dadb10a200f10814ad8523fca0f2d958c3370,KORI,9
0x3472a5a71965499acd81997a54bba8d852c6e53d,BADGER,18
0x3496b523e5c00a4b4150d6721320cddb234c3079,NUM,18
0x3506424f91fd33084466f402d5d97f05f8e3b4af,CHZ,18
0x35156b404c3f9bdaf45ab65ba315419bcde3775c,CHIRO,9
0x3593d125a4f7849a1b059e64f4517a86dd60c95d,OM,18
0x3597bfd533a99c9aa083587b074434e61eb0a258,DENT,8
0x35a532d376ffd9a705d0bb319532837337a398e7,WDOGE,18
0x35bd01fc9d6d5d81ca9e055db88dc49aa2c699a8,FWB,18
0x362bc847a3a9637d3af6624eec853618a43ed7d2,PRQ,18
0x368dd0d9a2e595a7a617c3768cdb9a464e06ea69,SolidityLabs,9
0x36e43065e977bc72cb86dbd8405fae7057cdc7fd,ARCHA,9
0x3734dc0d241b5ad886fa6bff45ffa67252ac0e89,CAT,9
0x374cb8c27130e2c9e04f44303f3c8351b9de61c1,BAO,18
0x3758e00b100876c854636ef8db61988931bb8025,UNIQ,18
0x37c997b35c619c21323f3518b9357914e8b99525,PILOT,18
0x37fe0f067fa808ffbdd12891c0858532cfe7361d,CIV,18
0x382f0160c24f5c515a19f155bac14d479433a407,KLEE,9
0x3832d2f059e55934220881f831be501d180671a7,renDOGE,8
0x383518188c0c6d7730d91b2c03a03c837814a899,OHMv1,9
0x3845badade8e6dff049820680d1f14bd3903a5d0,SAND,18
0x389999216860ab8e0175387a0c90e5c52522c945,FEG,9
0x38a94e92a19e970c144ded0b2dd47278ca11cc1f,F9,9
0x38d9eb07a7b8df7d86f440a4a5c4a4c1a27e1a08,BLXM,18
0x38e4adb44ef08f22f5b5b76a8f0c2d0dcbe7dca1,CVP,18
0x38ec27c6f05a169e7ed03132bca7d0cfee93c2c5,GP,18
0x39317b8a1ae06c30bb615d88cdc5522781499f1c,BRAINS,18
0x398aea1c9ceb7de800284bb399a15e0efe5a9ec2,sILV,18
0x3a1311b8c404629e38f61d566cefefed083b9670,PINU,9
0x3a707d56d538e85b783e8ce12b346e7fb6511f90,iETHV,18
0x3a880652f47bfaa771908c07dd8673a787daed3a,DDX,18
0x3aada3e213abf8529606924d8d1c55cbdc70bf74,XMON,18
0x3abf2a4f8452ccc2cf7b4c1e4663147600646f66,JBX,18
0x3af33bef05c2dcb3c7288b77fe1c8d2aeba4d789,KROM,18
0x3affcca64c2a6f4e3b6bd9c64cd2c969efd1ecbe,DSLA,18
0x3b3f95938958a4029fa8b01873e2721b02950883,CSWAP,18
0x3b79a28264fc52c7b4cea90558aa0b162f7faf57,wMEMO,18
0x3b94440c8c4f69d5c9f47bab9c5a93064df460f5,RNG,18
0x3b9be07d622accaed78f479bc0edabfd6397e320,LSS,18
0x3c4b6e6e1ea3d4863700d7f76b36b7f3d3f13e3d,VGX,8
0x3c8d2fce49906e11e71cb16fa0ffeb2b16c29638,NiftyLeague,18
0x3c9d6c1c73b31c837832c72e04d3152f051fc1a9,BOR,18
0x3cbf23c081faa5419810ce0f6bc1ecb73006d848,DIGI,18
0x3d3d35bb9bec23b06ca00fe472b50e7a4c692c30,VIDYA,18
0x3d658390460295fb963f54dc0899cfb1c30776df,Coval,8
0x3d6f0dea3ac3c607b3998e6ce14b6350721752d9,CARDS,18
0x3db6ba6ab6f95efed1a6e794cad492faaabf294d,LTONetwork,8
0x3dd98c8a089dbcff7e8fc8d4f532bd493501ab7f,TOWN,8
0x3e5d9d8a63cc8a88748f229999cf59487e90721e,XMT,18
0x3e9bc21c9b189c09df3ef1b824798658d5011937,LINA,18
0x3ea8ea4237344c9931214796d9417af1a1180770,FLUX,18
0x3ebb4a4e91ad83be51f8d596533818b246f4bee1,SATA,18
0x3ec8798b81485a254928b70cda1cf0a2bb0b74d7,GRO,18
0x3f382dbd960e3a9bbceae22651e88158d2791550,GHST,18
0x3f5294df68f871241c4b18fcf78ebd8ac18ab654,STZ,18
0x3f5dd1a1538a4f9f82e543098f01f22480b0a3a8,dKUMA,18
0x3f7aff0ef20aa2e646290dfa4e67611b2220c597,VoltInu,9
0x403d512ab96103562dcafe4635545e8ee2753f6e,WILD,18
0x40615b82999b8aa46803f11493bedab0314eb5e7,HONEYD,18
0x40803cea2b2a32bda1be61d3604af6a814e70976,SPOOL,18
0x408e41876cccdc0f92210600ef50372656052a38,REN,18
0x409c4d8cd5d2924b9bc5509230d16a61289c8153,TOS,18
0x40eb746dee876ac1e78697b7ca85142d178a1fc8,IAG,18
0x40fd72257597aa14c7231a7b1aaa29fce868f677,XOR,18
0x4104b135dbc9609fc1a9490e61369036497660c8,APW,18
0x4123a133ae3c521fd134d7b13a2dec35b56c2463,QRDO,8
0x4156d3342d5c385a87d264f90653733592000581,SALT,8
0x4161725d019690a3e0de50f6be67b07a86a9fae1,TPT,4
0x4189c40ab775ae40169a3ae845fd6849aa4106a2,CORGI,18
0x418d75f65a02b3d53b2418fb8e1fe493759c7605,WBNB,18
0x419d0d8bdd9af5e606ae2232ed285aff190e711b,FUN,8
0x41a3dba3d677e573636ba691a70ff2d606c29666,BLANK,18
0x41d5d79431a913c4ae7d69a668ecdfe5ff9dfb68,INV,18
0x41f7b8b9b897276b7aae926a9016935280b44e97,USDCwormhole,6
0x4206931337dc273a630d328da6441786bfad668f,DOGE,8
0x427a03fb96d9a94a6727fbcfbba143444090dd64,PIXL,18
0x4297394c20800e8a38a619a243e9bbe7681ff24e,HOTCROSS,18
0x429881672b9ae42b8eba0e26cd9c73711b891ca5,PICKLE,18
0x42bbfa2e77757c645eeaad1655e0911a7553efbc,BOBA,18
0x43044f861ec040db59a7e324c40507addb673142,CAP,18
0x431ad2ff6a9c365805ebad47ee021148d6f7dbe0,DF,18
0x43a96962254855f16b925556f9e97be436a43448,HORD,18
0x43dfc4159d86f3a37a5a4b3d4580b888ad7d4ddd,DODO,18
0x43f11c02439e2736800433b4594994bd43cd066d,FLOKI,9
0x44017598f2af1bd733f9d87b5017b4e7c1b28dde,stkATOM,6
0x4463e6a3ded0dbe3f6e15bc8420dfc55e5fea830,TXA,18
0x44709a920fccf795fbc57baa433cc3dd53c44dbe,RADAR,18
0x4486981e0c5f891fc4419223afa9aa0fd42254d1,CROWN,18
0x44e28f2acc84c36373badcd681749d38e01e2cc4,vSPACEX,18
0x45080a6531d671ddff20db42f93792a489685e32,FVT,18
0x4575f41308ec1483f3d399aa9a2826d74da13deb,OXT,18
0x4576e6825b462b6916d2a41e187626e9090a92c6,DON,18
0x45804880de22913dafe09f4980848ece6ecbaf78,PAXG,18
0x45c2f8c9b4c0bdc76200448cc26c48ab6ffef83f,DOMI,18
0x464fdb8affc9bac185a7393fd4298137866dcfb8,REALM,18
0x4674a4f24c5f63d53f22490fb3a08eaaad739ff8,BRKL,18
0x467bccd9d29f223bce8043b84e8c8b282827790f,TEL,2
0x4691937a7508860f876c9c0a2a617e7d9e945d4b,WOO,18
0x470ebf5f030ed85fc1ed4c2d36b9dd02e77cf1b7,TEMPLE,18
0x471d113059324321749e097705197a2b44a070fc,KNG,18
0x47252a63c723889814aebcac0683e615624cec64,NIL,18
0x474021845c4643113458ea4414bdb7fb74a01a77,UNO,18
0x4740735aa98dc8aa232bd049f8f0210458e7fca3,RDT,18
0x476c5e26a75bd202a9683ffd34359c0cc15be0ff,SRM,6
0x47da5456bc2e1ce391b645ce80f2e97192e4976a,PLUG,18
0x485d17a6f1b8780392d53d64751824253011a260,TIME,8
0x48b5d197b63a35943b832bdc7652616e55492d44,MRT,18
0x48c276e8d03813224bb1e55f953adb6d02fd3e02,KUMA,18
0x491604c0fdf08347dd1fa4ee062a822a5dd06b5d,CTSI,18
0x491e136ff7ff03e6ab097e54734697bb5802fc1c,KTN,18
0x4946fcea7c692606e8908002e55a582af44ac121,FOAM,18
0x4a220e6096b25eadb88358cb44068a3248254675,QNT,18
0x4a615bb7166210cce20e6642a6f8fb5d4d044496,NAOS,18
0x4a7397b0b86bb0f9482a3f4f16de942f04e88702,FWT,18
0x4aa41bc1649c9c3177ed16caaa11482295fc7441,XFIT,18
0x4b1e80cac91e2216eeb63e29b957eb91ae9c2be8,JUP,18
0x4b2c54b80b77580dc02a0f6734d3bad733f50900,KIBA,9
0x4b520c812e8430659fc9f12f6d0c39026c83588d,DG,18
0x4bb3205bf648b7f59ef90dee0f1b62f6116bc7ca,BYN,18
0x4bd70556ae3f8a6ec6c4080a0c327b24325438f3,HXRO,18
0x4c11249814f11b9346808179cf06e71ac328c1b5,ORAI,18
0x4c19596f5aaff459fa38b0f7ed92f11ae6543784,TRUFI,8
0x4c2e59d098df7b6cbae0848d66de2f8a4889b9c3,FODL,18
0x4c6ec08cf3fc987c6c4beb03184d335a2dfc4042,PAINT2,18
0x4cd0c43b0d53bc318cc5342b77eb6f124e47f526,FREE,18
0x4d67edef87a5ff910954899f4e5a0aaf107afd42,BlueSparrow,9
0x4da08a1bff50be96bded5c7019227164b49c2bfc,Mononoke-Inu,9
0x4da0c48376c277cdbd7fc6fdc6936dee3e4adf75,EPIK,18
0x4da27a545c0c5b758a6ba100e3a049001de870f5,stkAAVE,18
0x4e0fca55a6c3a94720ded91153a27f60e26b9aa8,BOOST,18
0x4e15361fd6b4bb609fa63c81a2be19d873717870,FTM,18
0x4e352cf164e64adcbad318c3a1e222e9eba4ce42,MCB,18
0x4e3fbd56cd56c3e72c1403e103b45db9da5b9d2b,CVX,18
0x4ece5c5cfb9b960a49aae739e15cdb6cfdcc5782,DBUY,9
0x4ee4f96838454e67fce92b2c53b0f1a97d047179,MBBT,18
0x4f9254c83eb525f9fcf346490bbb3ed28a81c667,CELR,18
0x4fabb145d64652a948d72533023f6e7a623c7c53,BUSD,18
0x4fadc7a98f2dc96510e42dd1a74141eeae0c1543,WAR,12
0x4fe83213d56308330ec302a8bd641f1d0113a4cc,NU,18
0x505a84a03e382331a1be487b632cf357748b65d6,SHIBGF,18
0x5067006f830224960fb419d7f25a3a53e9919bb0,PAD,18
0x508dd9092b8a44353751989f3946f5e599a7219d,CRF,18
0x50d1c9771902476076ecfc8b2a83ad6b9355a4c9,FTX Token,18
0x50de6856358cc35f3a9a57eaaa34bd4cb707d2cd,RAZOR,18
0x50f09629d0afdf40398a3f317cc676ca9132055c,EVAI,8
0x514910771af9ca656af840dff83e8264ecf986ca,LINK,18
0x514cdb9cd8a2fb2bdcf7a3b8ddd098caf466e548,REDPANDA,9
0x515d7e9d75e2b76db60f8a051cd890eba23286bc,GDAO,18
0x5166e09628b696285e3a151e84fb977736a83575,VOL,18
0x519c1001d550c0a1dae7d1fc220f7d14c2a521bb,PSWAP,18
0x51fe2e572e97bfeb1d719809d743ec2675924edc,VPAD,18
0x51fe980b970139212862c87ad42d24192bc24edc,VLAUNCH,18
0x5218e472cfcfe0b64a064f055b43b4cdc9efd3a6,eRSDL,18
0x5228a22e72ccc52d415ecfd199f99d0665e7733b,pBTC,18
0x5245c0249e5eeb2a0838266800471fd32adb1089,RAY,6
0x52662717e448be36cb54588499d5a8328bd95292,TENSHI,18
0x528b3e98c63ce21c6f680b713918e0f89dfae555,DXO,18
0x53c8395465a84955c95159814461466053dedede,DEGATE,18
0x544c42fbb96b39b21df61cf322b5edc285ee7429,INSUR,18
0x549020a9cb845220d66d3e9c6d9f9ef61c981102,SIDUS,18
0x55296f69f40ea6d20e478533c15a6b08b654e758,XYO,18
0x5555f75e3d5278082200fb451d1b6ba946d8e13b,ibJPY,18
0x557b933a7c2c45672b610f8954a3deb39a51a8ca,REVV,18
0x558ec3152e2eb2174905cd19aea4e34a23de9ad6,BRD,18
0x56a86d648c435dc707c8405b78e2ae8eb4e60ba4,STACK,18
0x56d811088235f11c8920698a204a5010a788f4b3,BZRX,18
0x56de8bc61346321d4f2211e3ac3c0a7f00db9b76,RENA,18
0x5732046a883704404f284ce41ffadd5b007fd668,BLZ,18
0x579cea1889991f68acc35ff5c3dd0621ff29b0c9,IQ,18
0x57ab1ec28d129707052df4df418d58a2d46d5f51,sUSD,18
0x57b946008913b82e4df85f501cbaed910e58d26c,POND,18
0x582d872a1b094fc48f5de31d3b73f2d9be47def1,TONCOIN,9
0x584bc13c7d411c00c01a62e8019472de68768430,HEGIC,18
0x58b6a8a3302369daec383334672404ee733ab239,LPT,18
0x58fad9e3c3ae54c9ba98c3f0e4bf88ab3e8cf3c5,SPAY,18
0x595832f8fc6bf59c85c527fec3740a1b7a361269,POWR,6
0x5a35a6686db167b05e2eb74e1ede9fb5d9cdb3e0,CIG,18
0x5a520e593f89c908cd2bc27d928bc75913c55c42,KON,18
0x5a666c7d92e5fa7edcb6390e4efd6d0cdd69cf37,MARSH,18
0x5a98fcbea516cf06857215779fd812ca3bef1b32,LDO,18
0x5b52bfb8062ce664d74bbcd4cd6dc7df53fd7233,ZENIQ,18
0x5b7533812759b45c2b44c19e320ba2cd2681b542,AGIX,8
0x5ba19d656b65f1684cfea4af428c23b9f3628f97,AAG,18
0x5bcaa38541452f5020c40fd3bc9f4f8066288fef,JACK,18
0x5bddbfdc228e1bbdb9ef5ca1dc56b54c4d6d6621,Inuyasha,18
0x5c1d9aa868a30795f92fae903edc9eff269044bf,CNG,18
0x5caf454ba92e6f2c929df14667ee360ed9fd5b26,DEV,18
0x5cd2fac9702d68dde5a94b1af95962bcfb80fc7d,RWASTE,18
0x5cf04716ba20127f1e2297addcf4b5035000c9eb,NKN,18
0x5d285f735998f36631f678ff41fb56a10a4d0429,MIX,18
0x5d3a536e4d6dbd6114cc1ead35777bab948e3643,cDAI,8
0x5d82e13e31780ec65797a2db14f3e6b9b94f5ee8,AGGRO,4
0x5d858bcd53e085920620549214a8b27ce2f04670,POPN,18
0x5dbb9f64cd96e2dbbca58d14863d615b67b42f2e,OKLG,9
0x5dbcf33d8c2e976c6b560249878e6f1491bca25c,yUSD,18
0x5dc02ea99285e17656b8350722694c35154db1e8,BOND,8
0x5dd57da40e6866c9fcc34f4b6ddc89f1ba740dfe,BRIGHT,18
0x5de7cc4bcbca31c473f6d2f27825cfb09cc0bb16,XBE,18
0x5e74c9036fb86bd7ecdcb084a0673efc32ea31cb,sETH,18
0x5eaa69b29f99c84fe5de8200340b4e9b4ab38eac,RAZE,18
0x5eeaa2dcb23056f4e8654a349e57ebe5e76b5e6e,VPP,18
0x5f0e628b693018f639d10e4a4f59bd4d8b2b6b44,WHITE,18
0x5f64ab1544d28732f0a24f4713c2c8ec0da089f0,DEXTF,18
0x5f944b0c4315cb7c3a846b025ab4045da44abf6c,GCAKE,18
0x5f98805a4e8be255a32880fdec7f6728c6568ba0,LUSD,18
0x6006fc2a849fedaba8330ce36f5133de01f96189,SHAKE,18
0x6069c9223e8a5da1ec49ac5525d4bb757af72cd8,MUSK,18
0x607f4c5bb672230e8672085532f7e901544a7375,RLC,9
0x60eb57d085c59932d5faa6c6026268a4386927d0,LOCG,18
0x60f5672a271c7e39e787427a18353ba59a4a3578,PIKA,18
0x6100dd79fcaa88420750dcee3f735d168abcb771,OS,18
0x61107a409fffe1965126aa456af679719695c69c,UMI,18
0x6110c64219621ce5b02fb8e8e57b54c01b83bf85,N2,9
0x61111e1211cf71480b295d0c2c90d837e69a5737,BTFD,9
0x6123b0049f904d730db3c36a31167d9d4121fa6b,RBN,18
0x612e1726435fe38dd49a0b35b4065b56f49c8f11,CCv2,18
0x6149c26cd2f7b5ccdb32029af817123f6e37df5b,LPOOL,18
0x618679df9efcd19694bb1daa8d00718eacfa2883,XYZ,18
0x61b5c3aee3a25f6f83531d548a4d2ee58450f5d9,PN,9
0x62359ed7505efc61ff1d56fef82158ccaffa23d7,CORE,18
0x6243d8cea23066d098a15582d81a598b4e8391f4,FLX,18
0x626e8036deb333b408be468f951bdb42433cbf18,AIOZ,18
0x62858686119135cc00c4a3102b436a0eb314d402,METAV,18
0x6286a9e6f7e745a6d884561d88f94542d6715698,TECH,18
0x62b9c7356a2dc64a1969e19c23e4f579f9810aa7,cvxCRV,18
0x630d98424efe0ea27fb1b3ab7741907dffeaad78,PEAK,8
0x636484a1c41e88e3fc7c99248ca0b3c3a844ab86,GOGETA,9
0x6399c842dd2be3de30bf99bc7d1bbf6fa3650e70,PREMIA,18
0x63b4f3e3fa4e438698ce330e365e831f7ccd1ef4,CFi,18
0x63f88a2298a5c4aee3c216aa6d926b184a4b2437,GameCredits,18
0x64609a845ad463d07ee51e91a88d1461c3dc3165,RIDGE,9
0x6468e79a80c0eab0f9a2b574c8d5bc374af59414,eXRD,18
0x64a77277e37d44957fe5815d6ff442ab8b16cc29,DAWGS,9
0x64aa3364f17a4d01c6f1751fd97c2bd3d7e7f1d5,OHM,9
0x64d91f12ece7362f91a6f8e7940cd55f05060b92,ASH,18
0x6524b87960c2d573ae514fd4181777e7842435d4,BZN,18
0x654590f810f01b51dc7b86915d4632977e49ea33,OG_TEMPLE,18
0x656c00e1bcd96f256f224ad9112ff426ef053733,EFI,18
0x65a8fba02f641a13bb7b01d5e1129b0521004f52,AMAS,18
0x65ef703f5594d2573eb71aaf55bc0cb548492df4,MULTI,18
0x6619078bdd8324e01e9a8d4b3d761b050e5ecf06,MAL,18
0x661ab0ed68000491d98c796146bcf28c20d7c559,DOWS,18
0x66761fa41377003622aee3c7675fc7b5c1c2fac5,CPOOL,18
0x66a0f676479cee1d7373f3dc2e2952778bff5bd6,WISE,18
0x66c0dded8433c9ea86c8cf91237b14e10b4d70b7,Mars,18
0x66d28cb58487a7609877550e1a34691810a6b9fc,KOIN,8
0x6710c63432a2de02954fc0f851db07146a6c0312,MFG,18
0x675bbc7514013e2073db7a919f6e4cbef576de37,CLS,18
0x6765fdd028be3d7874bc2bb3d7d5ca01c1bf14b2,TALI,18
0x677ddbd918637e5f2c79e164d402454de7da8619,VUSD,18
0x67b6d479c7bb412c54e03dca8e1bc6740ce6b99c,KYL,18
0x67c597624b17b16fb77959217360b7cd18284253,MARK,9
0x6810e776880c02933d47db1b9fc05908e5386b96,GNO,18
0x68749665ff8d2d112fa859aa293f07a622782f38,XAUt,6
0x68eb95dc9934e19b86687a10df8e364423240e94,BULL3X,18
0x6911f552842236bd9e8ea8ddbb3fb414e2c5fa9d,SNPN,18
0x695106ad73f506f9d0a9650a78019a93149ae07c,BNS,8
0x69681f8fde45345c3870bcd5eaf4a05a60e7d227,ibGBP,18
0x69a95185ee2a045cdc4bcd1b1df10710395e4e23,POOLZ,18
0x69af81e73a73b40adf4f3d4223cd9b1ece623074,MASKNET,18
0x69bbc3f8787d573f1bbdd0a5f40c7ba0aee9bcc9,YUP,18
0x69fa0fee221ad11012bab0fdb45d444d3d2ce71c,XRUNE,18
0x69fa8e7f6bf1ca1fb0de61e1366f7412b827cc51,NRCH,9
0x6b175474e89094c44da98b954eedeac495271d0f,DAI,18
0x6b3595068778dd592e39a122f4f5a5cf09c90fe2,SUSHI,18
0x6b4c7a5e3f0b99fcd83e9c089bddd6c7fce5c611,MM,18
0x6b4d5e9ec2acea23d4110f4803da99e25443c5df,aKLIMA,18
0x6b9f031d718dded0d681c20cb754f97b3bb81b78,GEEQ,18
0x6bb61215298f296c55b19ad842d3df69021da2ef,DOP,18
0x6bd361e10c1afed0d95259e7c0115f3a60e4ea99,BOLLY,18
0x6c28aef8977c9b773996d0e8376d2ee379446f2f,QUICK,18
0x6c5ba91642f10282b576d91922ae6448c9d52f4e,PHA,18
0x6c5fbc90e4d78f70cc5025db005b39b03914fc0c,URUS,18
0x6c6ee5e31d828de241282b9606c8e98ea48526e2,HOT,18
0x6c936d4ae98e6d2172db18c16c4b601c99918ee6,LIFE,18
0x6d0f5149c502faf215c89ab306ec3e50b15e2892,PRT,18
0x6d38b496dcc9664c6908d8afba6ff926887fc359,GEAR,18
0x6d82017e55b1d24c53c7b33bbb770a86f2ca229d,oneFIL,18
0x6dc02164d75651758ac74435806093e421b64605,WCHI,8
0x6de037ef9ad2725eb40118bb1702ebb27e4aeb24,RNDR,18
0x6dea81c8171d0ba574754ef6f8b412f2ed88c54d,LQTY,18
0x6e4a188e2ee03ca916ad8a34529359778227f1b0,DIGIFIT,9
0x6e5970dbd6fc7eb1f29c6d2edf2bc4c36124c0c1,TRADE,18
0x6e8908cfa881c9f6f2c64d3436e7b80b1bf0093f,BIST,18
0x6e9730ecffbed43fd876a264c982e254ef05a0de,NORD,18
0x6f259637dcd74c767781e37bc6133cd6a68aa161,HT,18
0x6f40d4a6237c257fff2db00fa0510deeecd303eb,INST,18
0x6f620ec89b8479e97a6985792d0c64f237566746,WPC,18
0x6f80310ca7f2c654691d1383149fa1a57d8ab1f8,Silo,18
0x6f87d756daf0503d08eb8993686c7fc01dc44fb1,UniTrade,18
0x6fb3e0a217407efff7ca062d46c26e5d60a14d69,IOTX,18
0x6fc13eace26590b80cccab1ba5d51890577d83b2,UMB,18
0x6fc2f1044a3b9bb3e43a43ec8f840843ed753061,ROBO,18
0x6fc5af63990aa9e5c5543f5cd8ed148bfa6d9d19,SAINT,9
0x70401dfd142a16dc7031c56e862fc88cb9537ce0,BIRD,18
0x70d2b7c19352bb76e4409858ff5746e500f2b67c,UPI,18
0x70e8de73ce538da2beed35d14187f6959a8eca96,XSGD,6
0x71ab77b7dbb4fa7e017bc15090b2163221420282,HIGH,18
0x71ba91dc68c6a206db0a6a92b4b1de3f9271432d,wMBX,18
0x71fc1f555a39e0b698653ab0b475488ec3c34d57,RAIN,18
0x72377f31e30a405282b522d588aebbea202b4f23,VRN,18
0x725c263e32c72ddc3a19bea12c5a0479a81ee688,BMI,18
0x727f064a78dc734d33eec18d5370aef32ffd46e4,ORION,18
0x72b886d09c117654ab7da13a14d603001de0b777,XDEFI,18
0x72dd4b6bd852a3aa172be4d6c5a6dbec588cf131,NGC,18
0x72e364f2abdc788b7e918bc238b21f109cd634d7,MVI,18
0x72e5390edb7727e3d4e3436451dadaff675dbcc0,HANU,12
0x72e9d9038ce484ee986fea183f8d8df93f9ada13,SMARTCREDIT,18
0x7333cbf5b0b843b4129e234f791b0058347f671a,DIGS,9
0x7346ad4c8cd1886ff6d16072bcea5dfc0bc24ca2,FILST,18
0x73968b9a57c6e53d41345fd57a6e6ae27d6cdb2f,SDT,18
0x73d7c860998ca3c01ce8c808f5577d94d545d1b4,IXS,18
0x744d70fdbe2ba4cf95131626614a1763df805b9e,SNT,18
0x752efadc0a7e05ad1bcccda22c141d01a75ef1e4,COMFI,18
0x761d38e5ddf6ccf6cf7c55759d5210750b5d60f3,ELON,18
0x7659ce147d0e714454073a5dd7003544234b6aa0,XCAD,18
0x767fe9edc9e0df98e07454847909b5e959d7ca0e,ILV,18
0x7697b462a7c4ff5f8b55bdbc2f4076c2af9cf51a,SARCO,18
0x77777777772cf0455fb38ee0e75f38034dfa50de,XY,18
0x7777777777697cfeecf846a76326da79cc606517,SIG,18
0x77777feddddffc19ff86db637967013e6c6a116c,TORN,18
0x777e2ae845272a2f540ebf6a3d03734a5a8f618e,RYOSHI,18
0x77f0cc420dea0ae726db6bef1460a4b69176a8ea,CITIZEN,18
0x77fba179c79de5b7653f68b5039af940ada60ce0,FORTH,18
0x7815bda662050d84718b988735218cffd32f75ea,YEL,18
0x7825e833d495f3d1c28872415a4aee339d26ac88,TLOS,18
0x785c34312dfa6b74f6f1829f79ade39042222168,BUMP,18
0x7865af71cf0b288b4e7f654f4f7851eb46a2b7f8,SNTVT,18
0x793786e2dd4cc492ed366a94b88a3ff9ba5e7546,AXIAv3,18
0x795dbf627484f8248d3d6c09c309825c1563e873,SNP,18
0x797de1dc0b9faf5e25c1f7efe8df9599138fa09d,GPOOL,18
0x798d1be841a82a273720ce31c822c61a67a601c3,DIGG,9
0x79c75e2e8720b39e258f41c37cc4f309e0b0ff80,SOUL,8
0x7a2bc711e19ba6aff6ce8246c546e8c4b4944dfd,WAXE,8
0x7a58c0be72be218b41c608b7fe7c5bb630736c71,PEOPLE,18
0x7ad8bc51c917076e5652954943cf0a9991e5a9f9,CHOW,18
0x7ae0d42f23c33338de15bfa89c7405c068d9dc0a,VERSE,18
0x7ae1d57b58fa6411f32948314badd83583ee0e8c,PAPER,18
0x7b0c06043468469967dba22d1af33d77d44056c8,MRPH,4
0x7b35ce522cb72e4077baeb96cb923a5529764a00,IMPERMAX,18
0x7b39917f9562c8bc83c7a6c2950ff571375d505d,LEAG,18
0x7b3d36eb606f873a75a6ab68f8c999848b04f935,LOOT,18
0x7be647634a942e73f8492d15ae492d867ce5245c,GOLDZ,18
0x7bef710a5759d197ec0bf621c3df802c2d60d848,SHOPX,18
0x7c8155909cd385f120a56ef90728dd50f9ccbe52,NII,15
0x7c9f4c87d911613fe9ca58b579f737911aad2d43,WMATIC,18
0x7cca2e1c9b0519f52029467914a15e782bf66971,CPTINU,18
0x7d1afa7b718fb893db30a3abc0cfc608aacfebb0,MATIC,18
0x7d29a64504629172a429e64183d6673b9dacbfce,VXV,18
0x7d647b1a0dcd5525e9c6b3d14be58f27674f8c95,BYTES,18
0x7dd9c5cba05e151c895fde1cf355c9a1d5da6429,GLM,18
0x7de91b204c1c737bcee6f000aaa6569cf7061cb7,XRT,9
0x7eaf9c89037e4814dc0d9952ac7f888c784548db,ROYA,18
0x7f0693074f8064cfbcf9fa6e5a3fa0e4f58ccccf,gm,18
0x7f280dac515121dcda3eac69eb4c13a52392cace,FNC,18
0x7f39c581f595b53c5cb19bd0b3f8da6c935e2ca0,wstETH,18
0x7f3edcdd180dbe4819bd98fee8929b5cedb3adeb,XTK,18
0x7fbec0bb6a7152e77c30d005b5d49cbc08a602c3,DDOS,18
0x7fc66500c84a76ad7e9c93437bfc5ac33e2ddae9,AAVE,18
0x7fe4fbad1fee10d6cf8e08198608209a9275944c,IT,9
0x7ff4169a6b5122b664c51c95727d87750ec07c84,10SET,18
0x804b95789aed9f1a8e6907625c90f0d4a7b4c75d,SHUNAV,9
0x8052327f1baf94a9dc8b26b9100f211ee3774f54,ATD,18
0x808507121b80c02388fad14726482e061b8da827,PENDLE,18
0x80ce3027a70e0a928d9268994e9b85d03bd4cdcf,LKR,18
0x80d55c03180349fff4a229102f62328220a96444,OPUL,18
0x80dc468671316e50d4e9023d3db38d3105c1c146,xAAVEa,18
0x80fb784b7ed66730e8b1dbd9820afd29931aab03,LEND,18
0x814e0908b12a99fecf5bc101bb5d0b8b5cdf7d26,MDT,18
0x817bbdbc3e8a1204f3691d14bb44992841e3db35,CUDOS,18
0x8185bc4757572da2a610f887561c32298f1a5748,ALN,18
0x81f8f0bb1cb2a06649e51913a151f0e7ef6fa321,VITA,18
0x8207c1ffc5b6804f6024322ccf34f29c3541ae26,OGN,18
0x827b2501dfd962009acbba294b0616adafe6599f,COCACOLA,18
0x8290333cef9e6d528dd5618fb97a76f268f3edd4,ANKR,18
0x8290d7a64f25e6b5002d98367e8367c1b532b534,oneUNI,18
0x8355dbe8b0e275abad27eb843f3eaf3fc855e525,WOOL,18
0x83c925f15356d34167d7777dc848aa7cc7fa5309,Di inu,9
0x83e031005ecb771b7ff900b3c7b0bdde7f521c08,PAINT,18
0x83e6f1e41cdd28eaceb20cb649155049fac3d5aa,POLS,18
0x83e9f223e1edb3486f876ee888d76bfba26c475a,GUILD,18
0x8400d94a5cb0fa0d041a3788e395285d61c9ee5e,UBT,8
0x841fb148863454a3b3570f515414759be9091465,SHIH,18
0x849ba2278cdae7fa7006c0661fea1c35d5af3336,TheCitadel,9
0x84ca8bc7997272c7cfb4d0cd3d55cd942b3c9419,DIA,18
0x84d821f7fbdd595c4c4a50842913e6b1e07d7a53,BNPL,18
0x850aab69f0e0171a9a49db8be3e71351c8247df4,KONO,18
0x8530b66ca3ddf50e0447eae8ad7ea7d5e62762ed,METADOGE,18
0x853bb55c1f469902f088a629db8c8803a9be3857,one1INCH,18
0x853d955acef822db058eb8505911ed77f175b99e,FRAX,18
0x8564653879a18c560e7c0ea0e084c516c62f5653,UBXT,18
0x85eee30c52b0b379b046fb0f85f4f3dc3009afec,KEEP,18
0x85f17cf997934a597031b2e18a9ab6ebd4b9f6a4,NEAR,24
0x8642a849d0dcb7a15a974794668adcfbe4794b56,PROS,18
0x865377367054516e17014ccded1e7d814edc9ce4,DOLA,18
0x86ed939b500e121c0c5f493f399084db596dad20,SPC,18
0x875773784af8135ea0ef43b5a374aad105c5d39e,IDLE,18
0x8762db106b2c2a0bccb3a80d1ed41273552616e8,RSR,18
0x8765b1a0eb57ca49be7eacd35b24a574d0203656,MGH,18
0x87833ec312481afadbddbc9bbdff0eb03d0bc4e7,META,18
0x8798249c2e607446efb7ad49ec89dd1865ff4272,xSUSHI,18
0x87d73e916d7057945c9bcd8cdd94e42a6f47f776,NFTX,18
0x87de305311d5788e8da38d19bb427645b09cb4e5,VRX,18
0x8807e69dc04155af64172cd6f0b4738f8068d0d4,Meta,18
0x882e5b370d595e50c24b2a0e7a94e87cc32adda1,Game,18
0x88536c9b2c4701b8db824e6a16829d5b5eb84440,USV,9
0x8861cff2366c1128fd699b68304ad99a0764ef9a,CYC,18
0x8888801af4d980682e47f1a9036e589479e835c5,MPH,18
0x888888435fde8e7d4c54cab67f206e4199454c60,DFX,18
0x88a9a52f944315d5b4e917b9689e65445c401e83,FEAR,18
0x88acdd2a6425c3faae4bc9650fd7e27e0bebb7ab,⚗️,18
0x88cb253d4c8cab8cdf7948a9251db85a13669e23,YLDY,18
0x88df592f8eb5d7bd38bfef7deb0fbc02cf3778a0,TRB,18
0x88ef27e69108b2633f8e1c184cc37940a075cc02,DEGO,18
0x892a6f9df0147e5f079b0993f486f9aca3c87881,xFUND,9
0x89ab32156e46f46d02ade3fecbe5fc4243b9aaed,PNT,18
0x8a14897ea5f668f36671678593fae44ae23b39fb,3DOG,9
0x8a40c222996f9f3431f63bf80244c36822060f12,FXF,18
0x8a6d4c8735371ebaf8874fbd518b56edd66024eb,BLOCKS,18
0x8a74bc8c372bc7f0e9ca3f6ac0df51be15aec47a,PLSPAD,18
0x8a854288a5976036a725879164ca3e91d30c6a1b,GET,18
0x8a9c67fee641579deba04928c4bc45f66e26343a,JRT,18
0x8ab7404063ec4dbcfd4598215992dc3f8ec853d7,AKRO,18
0x8b0e42f366ba502d787bb134478adfae966c8798,LABS,18
0x8b1dca5b7ef9420b1fa4d57773ddde0f74ea6d56,STORK,18
0x8b3192f5eebd8579568a2ed41e6feb402f93f73f,SAITAMA,9
0x8b3870df408ff4d7c3a26df852d41034eda11d81,IOI,6
0x8b39b70e39aa811b69365398e0aace9bee238aeb,PKF,18
0x8bb048845ee0d75be8e07954b2e1e5b51b64b442,KAIBA,9
0x8c15ef5b4b21951d50e53e4fbda8298ffad25057,FX,18
0x8c6fa66c21ae3fc435790e451946a9ea82e6e523,FABRIC,18
0x8cb924583681cbfe487a62140a994a49f833c244,SWAPP,18
0x8ce9137d39326ad0cd6491fb5cc0cba0e089b6a9,SXP,18
0x8d137e3337eb1b58a222fef2b2cc7c423903d9cf,SQGL,18
0x8d3e855f3f55109d473735ab76f753218400fe96,BUND,18
0x8db1d28ee0d822367af8d220c0dc7cb6fe9dc442,ETHPAD,18
0x8e0fe2947752be0d5acf73aae77362daf79cb379,NFTD,18
0x8e6cd950ad6ba651f6dd608dc70e5886b1aa6b24,STARL,18
0x8e870d67f660d95d5be530380d0ec0bd388289e1,PAX,18
0x8eef5a82e6aa222a60f009ac18c24ee12dbf4b41,TXL,18
0x8f693ca8d21b157107184d29d398a8d082b38b76,DATAStreamr,18
0x8f8221afbb33998d8584a2b05749ba73c37a938a,REQ,18
0x8fac8031e079f409135766c7d5de29cf22ef897c,HEART,18
0x903aed40b7fcbe8de84a699151c9055f4c0a6db3,HINU,18
0x903bef1736cddf2a537176cf3c64579c3867a881,ICHI,9
0x90de74265a416e1393a450752175aed98fe11517,UDT,18
0x9196e18bc349b1f64bc08784eae259525329a1ad,PUSSY,18
0x91dfbee3965baaee32784c2d546b7a0c62f268c9,BONDLY,18
0x9275e8386a5bdda160c0e621e9a6067b8fd88ea2,NBNG,18
0x92d6c1e31e14520e676a687f0a93788b716beff5,DYDX,18
0x92e187a03b6cd19cb6af293ba17f2745fd2357d5,DUCK2,18
0x934147534471e9d65a313902cbefd9524af0dcf2,RTFKT,18
0x9355372396e3f6daf13359b7b607a3374cc638e0,WHALE,4
0x9393fdc77090f31c7db989390d43f454b1a6e7f3,DECRY,3
0x93c9175e26f57d2888c7df8b470c9eea5c0b0a93,BCUBE,18
0x93ed3fbe21207ec2e8f2d3c3de6e058cb73bc04d,PNK,18
0x940a2db1b7008b6c776d4faaca729d6d4a4aa551,DUSK,18
0x944eee930933be5e23b690c8589021ec8619a301,MUNCH,9
0x9469d013805bffb7d3debe5e7839237e535ec483,RING,18
0x947aeb02304391f8fbe5b25d7d98d649b57b1788,MDX,18
0x948c70dc6169bfb10028fdbe96cbc72e9562b2ac,XP,18
0x949d48eca67b17269629c7194f4b727d4ef9e5d6,MC,18
0x94dfd4e2210fa5b752c3cd0f381edad9da6640f8,SPHYNX,18
0x9506d37f70eb4c3d79c398d326c871abbf10521d,MLT,18
0x9534ad65fb398e27ac8f4251dae1780b989d136e,PYR,18
0x954b890704693af242613edef1b603825afcd708,CARD,18
0x956f47f50a910163d8bf957cf5846d573e7f87ca,FEI,18
0x95a4492f028aa1fd432ea71146b433e7b4446611,APY,18
0x95ad61b0a150d79219dcf64e1e6cc01f0b64c4ce,SHIB,18
0x961c8c0b1aad0c0b10a51fef6a867e3091bcef17,DYP,18
0x961dd84059505d59f82ce4fb87d3c09bec65301d,TXJP,8
0x965697b4ef02f0de01384d0d4f9f782b1670c163,OXY,6
0x96610186f3ab8d73ebee1cf950c750f3b1fb79c2,EJS,18
0x967da4048cd07ab37855c090aaf366e4ce1b9f48,OCEAN,18
0x9695e0114e12c0d3a3636fab5a18e6b737529023,DFYN,18
0x96e61422b6a9ba0e068b6c5add4ffabc6a4aae27,ibEUR,18
0x970b9bb2c0444f5e81e9d0efb84c8ccdcdcaf84d,FUSE,18
0x976091738973b520a514ea206acdd008a09649de,MISHKA,9
0x97872eafd79940c7b24f7bcc1eadb1457347adc9,STRP,18
0x97b65710d03e12775189f0d113202cc1443b0aa2,ELONONE,9
0x990f341946a3fdb507ae7e52d17851b87168017c,STRONG,18
0x993864e43caa7f7f12953ad6feb1d1ca635b875f,SDAO,18
0x99d8a9c45b2eca8864373a26d1459e3dff1e17f3,MIM,18
0x9a0aba393aac4dfbff4333b06c407458002c6183,AC,18
0x9a1997c130f4b2997166975d9aff92797d5134c2,USDap,18
0x9aab071b4129b083b01cb5a0cb513ce7eca26fa5,HUNT,18
0x9ab7bb7fdc60f4357ecfef43986818a2a3569c62,GOG,18
0x9ad37205d608b8b219e6a2573f922094cec5c200,iZi,18
0x9aeb50f542050172359a0e1a25a9933bc8c01259,OIN,8
0x9af15d7b8776fa296019979e70a5be53c714a7ec,EVN,18
0x9b02dd390a603add5c07f9fd9175b7dabe8d63b7,SPI,18
0x9b2d81a1ae36e8e66a0875053429816f0b6b829e,GREY,9
0x9b31bb425d8263fa1b8b9d090b83cf0c31665355,CPD,18
0x9b6db7597a74602a5a806e33408e7e2dafa58193,SPICE,18
0x9b99cca871be05119b2012fd4474731dd653febe,MATTER,18
0x9c2dc0c3cc2badde84b0025cf4df1c5af288d835,COR,18
0x9c4a4204b79dd291d6b6571c5be8bbcd0622f050,TCR,18
0x9c78ee466d6cb57a4d01fd887d2b5dfb2d46288f,MUST,18
0x9d38f670d15c14716be1f109a4f453e966a2b6d4,QUID,9
0x9d409a0a012cfba9b15f6d4b36ac57a46966ab9a,yvBOOST,18
0x9d561d63375672abd02119b9bc4fb90eb9e307ca,DRCT,18
0x9d59eba4deaee09466ba9d4073bf912bc72982b0,KONGZ20,18
0x9d71ce49ab8a0e6d2a1e7bfb89374c9392fd6804,Nvir,18
0x9dfad1b7102d46b1b197b90095b5c4e9f5845bba,BOTTO,18
0x9e32b13ce7f2e80a01932b42553652e053d6ed8e,Metis,18
0x9e46a38f5daabe8683e10793b06749eef7d733d1,NCT,18
0x9e5bd9d9fad182ff0a93ba8085b664bcab00fa68,DINGER,9
0x9e8bfe46f9af27c5ea5c9c72b86d71bb86953a0c,EZX,18
0x9eaa67cdabe53187fc1cb65125e24d6e45e53d12,MELEE,18
0x9ed8e7c9604790f7ec589f99b94361d8aab64e5e,UNISTAKE,18
0x9f009d03e1b7f02065017c90e8e0d5cb378eb015,Fortune,9
0x9f4909cc95fb870bf48c128c1fdbb5f482797632,GZLR,18
0x9f52c8ecbee10e00d9faaac5ee9ba0ff6550f511,SIPHER,18
0x9f7229af0c4b9740e207ea283b9094983f78ba04,TAD,18
0x9f801c1f02af03cc240546dadef8e56cd46ea2e9,VAI,18
0x9f8eef61b1ad834b44c089dbf33eb854746a6bf9,SpaceDawgs,9
0x9f8f72aa9304c8b593d555f12ef6589cc3a579a2,MKR,18
0x9f9c8ec3534c3ce16f928381372bfbfbfb9f4d24,GLQ,18
0x9fa69536d1cda4a04cfb50688294de75b505a9ae,DERC,18
0xa0246c9032bc3a600820415ae600c6388619a14d,FARM,18
0xa0b73e1ff0b80914ab6fe0444e65848c4c34450b,CRO,8
0xa0b86991c6218b36c1d19d4a2e9eb0ce3606eb48,USDC,6
0xa0cf46eb152656c7090e769916eb44a138aaa406,SPH,18
0xa117000000f279d81a1d3cc75430faa017fa5a2e,ANT,18
0xa130e3a33a4d84b04c3918c4e5762223ae252f80,SWASH,18
0xa150db9b1fa65b44799d4dd949d922c0a33ee606,DRC,0
0xa15690e9205de386ce849889831c1668c300c1ad,pETH18C,18
0xa1817b6d8d890f3943b61648992730373b71f156,MONGOOSE,9
0xa1a88cea335edaf30ce90f103f1434a773ea46bd,DEKU,9
0xa1d6df714f91debf4e0802a542e13067f31b8262,RFOX,18
0xa1faa113cbe53436df28ff0aee54275c13b40975,ALPHA,18
0xa22d31228699efffe79b5403da9e7b4009732d6a,GreenEyedMonsters,9
0xa2b4c0af19cc16a6cfacce81f192b024d625817d,KISHU,9
0xa36fdbbae3c9d55a1d67ee5821d53b50b63a1ab9,TEMP,18
0xa393473d64d2f9f026b60b6df7859a689715d092,LTX,8
0xa3bed4e1c75d00fa6f4e5e6922db7261b5e9acd2,MTA,18
0xa3d58c4e56fedcae3a7c43a725aee9a71f0ece4e,MET,18
0xa47c8bf37f92abed4a126bda807a7b7498661acd,UST,18
0xa487bf43cf3b10dffc97a9a744cbb7036965d3b9,DERI,18
0xa49d7499271ae71cd8ab9ac515e6694c755d400c,MUTE,18
0xa4cf2afd3b165975afffbf7e487cdd40c894ab6b,SHIBAKEN,0
0xa4eed63db85311e22df4473f87ccfc3dadcfa3e3,RBC,18
0xa518c9f3724cced4715e6813858dc2ce9b21ed78,SRWD,18
0xa58a4f5c4bb043d2cc1e170613b74e767c94189b,UTU,18
0xa5def515cfd373d17830e7c1de1639cb3530a112,DEPO,18
0xa5f2211b9b8170f694421f2046281775e8468044,THOR,18
0xa645c47ad4b07728e9e5329c8f00030802fa4b32,INSTAGRAM,18
0xa64dfe8d86963151e6496bee513e366f6e42ed79,GOKU,9
0xa6f7645ed967faf708a614a2fca8d4790138586f,MNY,18
0xa8006c4ca56f24d6836727d106349320db7fef82,INXT,8
0xa803778ab953d3ffe4fbd20cfa0042ecefe8319d,CTZN,18
0xa80505c408c4defd9522981cd77e026f5a49fe63,NEUY,18
0xa808b22ffd2c472ad1278088f16d4010e6a54d5f,REFI,18
0xa80f2c8f61c56546001f5fc2eb8d6e4e72c45d4c,UNQT,18
0xa82aa729ae2f0d78e961d66db53949e27a9e866d,BMEX,18
0xa849eaae994fb86afa73382e9bd88c2b6b18dc71,MVL,18
0xa87135285ae208e22068acdbff64b11ec73eaa5a,eLunr,4
0xa8b12cc90abf65191532a12bb5394a714a46d358,pBTC35A,18
0xa8b919680258d369114910511cc87595aec0be6d,LYXe,18
0xa8c8cfb141a3bb59fea1e2ea6b79b5ecbcd7b6ca,NOIA,18
0xa91ac63d040deb1b7a5e4d4134ad23eb0ba07e14,BEL,18
0xa9639160481b625ba43677be753e0a70bf58c647,RBXSamurai,18
0xa991356d261fbaf194463af6df8f0464f8f1c742,tfUSDC,6
0xa9b1eb5908cfc3cdf91f9b8b3a74108598009096,Auction,18
0xaa4e3edb11afa93c41db59842b29de64b72e355b,MFI,18
0xaa602de53347579f86b996d2add74bb6f79462b2,ZMT,18
0xaa6e8127831c9de45ae56bb1b0d4d4da6e5665bd,ETH2x-FLI,18
0xaa7a9ca87d3694b5755f213b5d04094b8d0f0a6f,TRAC,18
0xaa8330fb2b4d5d07abfe7a72262752a8505c6b37,POLC,18
0xaaa7a10a8ee237ea61e8ac46c50a8db8bcc1baaa,QANX,18
0xaaaaaa20d9e0e2461697782ef11675f668207961,AURORA,18
0xaaaebe6fe48e54f431b0c390cfaf0b017d09d42d,CEL,4
0xaac41ec512808d64625576eddd580e7ea40ef8b2,GSWAP,18
0xaaca86b876ca011844b5798eca7a67591a9743c8,BIOS,18
0xaaef88cea01475125522e117bfe45cf32044e238,GF,18
0xab167e816e4d76089119900e941befdfa37d6b32,SHINJA,9
0xabc2fc1c94f2738d043feefb7b478287c5b6e72a,ZKS,18
0xabe580e7ee158da464b51ee1a83ac0289622e6be,XFT,18
0xac0104cca91d167873b8601d2e71eb3d4d8c33e0,CWS,18
0xac042d9284df95cc6bd35982f6a61e3e7a6f875b,LBY,9
0xac3211a5025414af2866ff09c23fc18bc97e79b1,DOV,18
0xac51066d7bec65dc4589368da368b212745d63e8,ALICE,6
0xac8e13ecc30da7ff04b842f21a62a1fb0f10ebd5,BABYDOGE,9
0xacfa209fb73bf3dd5bbfb1101b9bc999c49062a5,BCDT,18
0xad32a8e6220741182940c5abf610bde99e737b2d,DOUGH,18
0xadb2437e6f65682b85f814fbc12fec0508a7b1d0,UNCX,18
0xade00c28244d5ce17d72e40330b1c318cd12b7c3,ADX,18
0xae12c5930881c53715b369cec7606b70d8eb229f,C98,18
0xae1eaae3f627aaca434127644371b67b18444051,YOP,8
0xae697f994fc5ebc000f8e22ebffee04612f98a0d,LGCY,18
0xae78736cd615f374d3085123a210448e74fc6393,rETH,18
0xae7ab96520de3a18e5e111b5eaab095312d7fe84,stETH,18
0xaecc217a749c2405b5ebc9857a16d58bdc1c367f,PAWTH,9
0xaf691508ba57d416f895e32a1616da1024e882d2,PNODE,18
0xaf6f6abf18d2cc611921e6a683164efaa9165b43,SATO,9
0xaf9f549774ecedbd0966c52f250acc548d3f36e5,RFuel,18
0xafbf03181833ab4e8dec24d708a2a24c2baaa4a4,MANDOX,9
0xb05097849bca421a3f51b249ba6cca4af4b97cb9,FLOAT,18
0xb1191f691a355b43542bea9b8847bc73e7abb137,KIRO,18
0xb12494c8824fc069757f47d177e666c571cd49ae,IMPACTXP,9
0xb14b87790643d2dab44b06692d37dd95b4b30e56,WGK,18
0xb17c88bda07d28b3838e0c1de6a30eafbcf52d85,SHFT,18
0xb1e9157c2fdcc5a856c8da8b2d89b6c32b3c1229,ZEFU,18
0xb2089a7069861c8d90c8da3aacab8e9188c0c531,GREEN,8
0xb2617246d0c6c0087f18703d576831899ca94f01,ZIG,18
0xb26631c6dda06ad89b93c71400d25692de89c068,MINDS,18
0xb26c4b3ca601136daf98593feaeff9e0ca702a8d,ALD,18
0xb2dbf14d0b47ed3ba02bdb7c954e05a72deb7544,MoFi,18
0xb39185e33e8c28e0bb3dbbce24da5dea6379ae91,PHUNK,18
0xb4272071ecadd69d933adcd19ca99fe80664fc08,XCHF,18
0xb4d930279552397bba2ee473229f89ec245bc365,MAHA,18
0xb4efd85c19999d84251304bda99e90b92300bd93,RPL,18
0xb56a1f3310578f23120182fb2e58c087efe6e147,ACYC,18
0xb5c578947de0fd71303f71f2c3d41767438bd0de,DEVT,18
0xb62132e35a6c13ee1ee0f84dc5d40bad8d815206,NEXO,18
0xb63b606ac810a52cca15e44bb630fd42d8d1d83d,MCO,8
0xb64ef51c888972c908cfacf59b47c1afbc0ab8ac,STORJ,8
0xb6adb74efb5801160ff749b1985fd3bd5000e938,GZONE,18
0xb6c8991954dc2e66a77f688e2f1e436aa9e98641,DGI,9
0xb6ca7399b4f9ca56fc27cbff44f4d2e4eef1fc81,MUSE,18
0xb6ed7644c69416d67b522e20bc294a9a9b405b31,0xBTC,8
0xb6ff96b8a8d214544ca0dbc9b33f7ad6503efd32,SYNC,18
0xb753428af26e81097e7fd17f40c88aaa3e04902c,SFI,18
0xb8a62d3df12755ac1722d934bd70aae82d842a43,SWAP,18
0xb9d99c33ea2d86ec5ec6b8a4dd816ebba64404af,K21,18
0xb9eefc4b0d472a44be93970254df4f4016569d27,XDB,7
0xba100000625a3754423978a60c9317c58a424e3d,BAL,18
0xba11d00c5f74255f56a5e366f4f77f5a186d7f55,BAND,18
0xba4cfe5741b357fa371b506e5db0774abfecf8fc,vVSP,18
0xba5bde662c17e2adff1075610382b9b691296350,RARE,18
0xba75fbc4c7a553081f7a137b6e652520db444660,MONSTR,9
0xba8a621b4a54e61c442f5ec623687e2a942225ef,QUARTZ,18
0xba9d4199fab4f26efe3551d490e3821486f135ba,CHSB,8
0xbaac2b4491727d78d2b78815144570b9f2fe8899,DOG,18
0xbb0e17ef65f82ab018d8edd776e8dd940327b28b,AXS,18
0xbb1ee07d6c7baeb702949904080eb61f5d5e7732,DINU,18
0xbbbbbbb5aa847a2003fbc6b5c16df0bd1e725f61,BPRO,18
0xbbbbca6a901c926f240b89eacb641d8aec7aeafd,LRC,18
0xbbc2ae13b23d715c30720f079fcd9b4a74093505,ERN,18
0xbbce03b2e7f53cadca93251ca4c928af01db6404,oneFUSE,18
0xbbd900e05b4af2124390d206f70bc4e583b1be85,MINTYS,9
0xbbff34e47e559ef680067a6b1c980639eeb64d24,L2,18
0xbc17729fdf562723f0267f79ff25ade441056d87,KST,18
0xbc396689893d065f41bc2c6ecbee5e0085233447,PERP,18
0xbc4171f45ef0ef66e76f979df021a34b46dcc81d,DORA,18
0xbc6da0fe9ad5f3b0d58160288917aa56653660e9,alUSD,18
0xbc7250c8c3eca1dfc1728620af835fca489bfdf3,GM,9
0xbd0a4bf098261673d5e6e600fd87ddcd756e6764,HINA,9
0xbd100d061e120b2c67a24453cf6368e63f1be056,iDYP,18
0xbd2949f67dcdc549c6ebe98696449fa79d988a9f,eMTRG,18
0xbd31ea8212119f94a611fa969881cba3ea06fa3d,LUNAwormhole,6
0xbd3de9a069648c84d27d74d701c9fa3253098b15,EQX,18
0xbdab72602e9ad40fc6a6852caf43258113b8f7a5,eSOV,18
0xbe1a001fe942f96eea22ba08783140b9dcc09d28,BETA,18
0xbe3f88e18be3944fdda830695228adbb82fa125f,oneMPH,18
0xbe9375c6a420d2eeb258962efb95551a5b722803,STMX,18
0xbea98c05eeae2f3bc8c3565db7551eb738c8ccab,GYSR,18
0xbeab712832112bd7664226db7cd025b153d3af55,BrightUnion,18
0xbf900809f4c73e5a3476eb183d8b06a27e61f8e5,VNL,12
0xbfa0d33f3155321934e4e4334567b9b7c017c90d,METAVERSE,18
0xc00e94cb662c3520282e6f5717214004a7f26888,COMP,18
0xc011a73ee8576fb46f5e1c5751ca3b9fe0af2a6f,SNX,18
0xc02aaa39b223fe8d0a0e5c4f27ead9083c756cc2,WETH,18
0xc08512927d12348f6620a698105e1baac6ecd911,GYEN,6
0xc0ba369c8db6eb3924965e5c4fd0b4c1b91e305f,DUCK,18
0xc0d4ceb216b3ba9c3701b291766fdcba977cec3a,BTRFLY,9
0xc0e45ec362c8689c016c3327421637844ad7fb64,BULL,18
0xc0f4014a41c7511bf22351a132a7282f84eaec3a,BTRFLY2,18
0xc10b30820f793e24733dc80da12c798dfbff0fff,SCARD,9
0xc12ecee46ed65d970ee5c899fcc7ae133aff9b03,TRY,18
0xc146b7cdbaff065090077151d391f4c96aa09e0c,MCC,9
0xc18360217d8f7ab5e7c516566761ea12ce7f9d72,ENS,18
0xc1b8b52683b4f499df0f350c42f4243e37b7fa76,MONKEY,9
0xc1bfccd4c29813ede019d00d2179eea838a67703,LUFFY,9
0xc1d9b5a0776d7c8b98b8a838e5a0dd1bc5fdd53c,ZONE,18
0xc1f976b91217e240885536af8b63bc8b5269a9be,PIN,18
0xc221b7e65ffc80de234bbb6667abdd46593d34f0,wCFG,18
0xc237868a9c5729bdf3173dddacaa336a0a5bb6e0,WWGR,8
0xc242eb8e4e27eae6a2a728a41201152f19595c83,ECO,18
0xc276a3d9c5443de32fde5b5719763c6ff7790a10,FREN,18
0xc30590a879c7dd78bcd9a18e48de446a3c7c98b8,eArena,18
0xc3589f56b6869824804a5ea29f2c9886af1b0fce,HNY,18
0xc3771d47e2ab5a519e2917e61e23078d0c05ed7f,GTH,18
0xc382e04099a435439725bb40647e2b32dc136806,COGE,18
0xc3d088842dcf02c13699f936bb83dfbbc6f721ab,VoucherETH,18
0xc3f18a746b7ca4b22976a7aacd289e83ca2faf41,LOR,18
0xc477d038d5420c6a9e0b031712f61c5120090de9,BOSON,18
0xc48b4814faed1ccc885dd6fde62a6474aecbb19a,CMERGE,9
0xc4a11aaf6ea915ed7ac194161d2fc9384f15bff2,WTON2,27
0xc4c2614e694cf534d407ee49f8e44d125e4681c4,CHAIN,18
0xc4de189abf94c57f396bd4c52ab13b954febefd8,B20,18
0xc4e15973e6ff2a35cc804c2cf9d2a1b817a8b40f,ibBTC,18
0xc4f6e93aeddc11dc22268488465babcaf09399ac,HI,18
0xc50ef449171a51fbeafd7c562b064b6471c36caa,ZINU,9
0xc52c326331e9ce41f04484d3b5e5648158028804,ZCX,18
0xc57d533c50bc22247d49a368880fb49a1caa39f7,PTF,18
0xc581b735a1688071a1746c968e0798d642ede491,EURT,6
0xc58a919f1844a2d5c1c1030f1ba8bfb368980cfc,METASTAR,9
0xc5b3d3231001a776123194cf1290068e8b0c783b,LIT,18
0xc5bddf9843308380375a611c18b50fb9341f502a,yveCRV-DAO,18
0xc6065b9fc8171ad3d29bad510709249681758972,WFAIR,18
0xc67b12049c2d0cf6e476bc64c7f82fc6c63cffc5,GDT,8
0xc6d1f1d5a46de07e73091f1c8793293b203f01a1,HELIOS,18
0xc719d010b63e5bbf2c0551872cd5316ed26acd83,DIP,18
0xc7283b66eb1eb5fb86327f08e1b5816b0720212b,TRIBE,18
0xc73c167e7a4ba109e4052f70d5466d0c312a344d,SANSHU,9
0xc770eefad204b5180df6a14ee197d99d808ee52d,FOX,18
0xc795fba221f7920f1c6ac0f1598886742d8ea661,SaitaX,9
0xc813ea5e3b48bebeedb796ab42a30c5599b01740,NIOX,4
0xc834fa996fa3bec7aad3693af486ae53d8aa8b50,CONV,18
0xc851a9b5808c46ee93a360f1b33f7409eee5df9f,NAUSICAA,9
0xc86817249634ac209bc73fca1712bbd75e37407d,1-UP,18
0xc8807f0f5ba3fa45ffbdc66928d71c5289249014,ISP,18
0xc8c97d9b0af219c2329a0179f6ab8c7a55b39fc1,HKMT,6
0xc8d3dcb63c38607cb0c9d3f55e8ecce628a01c36,MATRIX,18
0xc944e90c64b2c07662a292be6244bdf05cda44a7,GRT,18
0xc9f1016d336ef77aee75fc11ad64c5ecf9121332,SAT,18
0xca1207647ff814039530d7d35df0e1dd2e91fa84,DHT,18
0xca75c43f8c9afd356c585ce7aa4490b48a95c466,Inari,9
0xca7b3ba66556c4da2e2a9afef9c64f909a59430a,WOLVERINU,9
0xcaa9ed6d7502595b555113d4517668ae24038c8a,MARVIN,18
0xcaeaf8381d4b20b43afa42061d6f80319a8881f6,R34P,8
0xcafe001067cdef266afb7eb5a286dcfd277f3de5,PSP,18
0xcb67be5c54eab9462967ee3c03c35bfffeb801cd,GBI,18
0xcb84d72e61e383767c4dfeb2d8ff7f4fb89abc6e,VEGA,18
0xcb86c6a22cb56b6cf40cafedb06ba0df188a416e,SURE,18
0xcb8d1260f9c92a3a545d409466280ffdd7af7042,NFT,18
0xcbd0595113c173ab7746347d0600d390a85a7eea,ACE,9
0xcbe771323587ea16dacb6016e269d7f08a7acc4e,SPO,18
0xcbfef8fdd706cde6f208460f2bf39aa9c785f05d,KINE,18
0xcc4304a31d09258b0029ea7fe63d032f52e44efe,TrustSwap,18
0xcc8fa225d80b9c7d42f96e9570156c65d6caaa25,SLP,0
0xccc8cb5229b0ac8069c51fd58367fd1e622afd97,GODS,18
0xcd1faff6e578fa5cac469d2418c95671ba1a62fe,XTM,18
0xcd2828fc4d8e8a0ede91bb38cf64b1a81de65bf6,ODDZ,18
0xcd7492db29e2ab436e819b249452ee1bbdf52214,SMI,8
0xcda2f16c6aa895d533506b426aff827b709c87f5,FAI,18
0xcdeee767bed58c5325f68500115d4b722b3724ee,CRBN,18
0xcf3c8be2e2c42331da80ef210e9b1b307c03d36a,BEPRO,18
0xcf58b4e4863c0d085bd1c65b3f2932e261547fab,EDGELON,9
0xcf8335727b776d190f9d15a54e6b9b9348439eee,WHACKD,18
0xcfa0885131f602d11d4da248d2c65a62063567a9,TORG,18
0xcfcecfe2bd2fed07a9145222e8a7ad9cf1ccd22a,ADS,11
0xcfeb09c3c5f0f78ad72166d55f9e6e9a60e96eec,VEMP,18
0xd01409314acb3b245cea9500ece3f6fd4d70ea30,LTO,8
0xd0345d30fd918d7682398acbcdf139c808998709,LIX,18
0xd060a551e16dbe3f88ffbda8a8164eae0a5f5cc3,WEB3,18
0xd0660cd418a64a1d44e9214ad8e459324d8157f1,WOOFY,12
0xd075e95423c5c4ba1e122cae0f4cdfa19b82881b,wPE,18
0xd084944d3c05cd115c09d072b9f44ba3e0e45921,FOLD,18
0xd084b83c305dafd76ae3e1b4e1f1fe2ecccb3988,TVK,18
0xd0cd466b34a24fcb2f87676278af2005ca8a78c4,POP,18
0xd0d42005e7b3c0812b1268f0e5faf97ff2423651,KOROMARU,9
0xd0d7a9f2021958e51d60d6966b7bbed9d1cb22b5,ENX,10
0xd13c7342e1ef687c5ad21b27c2b65d772cab5c8c,UOS,4
0xd23ac27148af6a2f339bd82d0e3cff380b5093de,SI,18
0xd26114cd6ee289accf82350c8d8487fedb8a0c07,OMG,18
0xd2877702675e6ceb975b4a1dff9fb7baf4c91ea9,LUNA,18
0xd291e7a03283640fdc51b121ac401383a46cc623,RGT,18
0xd31a59c85ae9d8edefec411d448f90841571b89c,SOL,9
0xd31b00dea80cf282ace1791d204d76a85fb82556,NIL2,8
0xd33526068d116ce69f19a9ee46f0bd304f21a51f,RocketPool,18
0xd38bb40815d2b0c2d2c866e0c72c5728ffc76dd9,SIS,18
0xd3e4ba569045546d09cf021ecc5dfe42b1d7f6e4,MNW,18
0xd409bb122cc1cdaa5c1530f1e7ff1512345477b9,CYBR,18
0xd417144312dbf50465b1c641d016962017ef6240,CQT,18
0xd45740ab9ec920bedbd9bab2e863519e59731941,SNOOD,18
0xd46ba6d942050d489dbd938a2c909a5d5039a161,AMPL,9
0xd478161c952357f05f0292b56012cd8457f1cfbf,POLK,18
0xd4c64f0fe38ecdaf0baefd7859e18185a73b9aa3,UZUMAKI,9
0xd502f487e1841fdc805130e13eae80c61186bc98,ITGR,18
0xd5147bc8e386d91cc5dbe72099dac6c9b99276f5,renFIL,18
0xd5281bb2d1ee94866b03a0fccdd4e900c8cb5091,HUSKY,9
0xd52aae39a2b5cc7812f7b9450ebb61dfef702b15,MAGE,18
0xd52af2b200d7529e912425c88dc580c7f5942b15,SNAP,18
0xd533a949740bb3306d119cc777fa900ba034cd52,CRV,18
0xd53f8b2f27c82ad509ec449a8324697791481b01,HLHR,18
0xd55236d48606c295adebf129dad04fc74bfaa708,CW,18
0xd5525d397898e5502075ea5e830d8914f6f0affe,MEME,8
0xd56736e79093d31be093ba1b5a5fe32e054b9592,NUCLEUS,9
0xd567b5f02b9073ad3a982a099a23bf019ff11d1c,GAME,5
0xd5cd84d6f044abe314ee7e414d37cae8773ef9d3,1ONE,18
0xd5e7d22362bcc9881d06512d3189eae79dd98d70,MIYAZAKI,9
0xd607748adb490096b02b43970da52996b0d40967,BNV ,18
0xd6327ce1fb9d6020e8c2c0e124a1ec23dcab7536,CUMINU,18
0xd69f306549e9d96f183b1aeca30b8f4353c2ecc3,MCHC,18
0xd6a5ab46ead26f49b03bbb1f9eb1ad5c1767974a,EMON,18
0xd6c67b93a7b248df608a653d82a100556144c5da,EXNT,16
0xd70240dd62f4ea9a6a2416e0073d72139489d2aa,GLYPH,18
0xd779eea9936b4e323cddff2529eb6f13d0a4d66e,ENTR,18
0xd794dd1cada4cf79c9eebaab8327a1b0507ef7d4,HYVE,18
0xd796b8eff23d5c4c71f43c99ffd7d8a3119f7475,METACEX,18
0xd7c302fc3ac829c7e896a32c4bd126f3e8bd0a1f,B2M,18
0xd7c33db07ae1fe1d3ac04018ce93b9c4800362ac,4D,18
0xd7d6ab522fa41caae78f6edeb46a14954ae0c772,CHPZ,18
0xd7efb00d12c2c13131fd319336fdf952525da2af,XPR,4
0xd85a6ae55a7f33b0ee113c234d2ee308edeaf7fd,CBK,18
0xd85ad783cc94bd04196a13dc042a3054a9b52210,HAKA,18
0xd8c1232fcd219286e341271385bd70601503b3d7,DOGIRA,9
0xd8e3fb3b08eba982f2754988d70d57edc0055ae6,ZORA,9
0xd8fa6fef50db2fd4da343580b2206e490c3d77d6,META2,18
0xd9016a907dc0ecfa3ca425ab20b6b785b42f2373,GMEE,18
0xd98f75b1a3261dab9eed4956c93f33749027a964,ShareToken,2
0xd9a24485e71b9148e0fd51f0162072099df0db67,onePERL,18
0xd9adb7536e90660f601c5bfb15cb49bfa78ca0a6,2022M,18
0xd9b312d77bc7bed9b9cecb56636300bed4fe5ce9,GAINS,18
0xd9c2d319cd7e6177336b0a9c93c21cb48d84fb54,HAPI,18
0xda0c94c73d127ee191955fb46bacd7ff999b2bcd,STANDARD,18
0xda1e53e088023fe4d1dc5a418581748f52cbd1b8,AIDI,9
0xda23d301761e4e2bf474951f978f6dfb6f3c9f14,TKINU,9
0xda584d852092d1f735e9b71c345852dd9b97484e,TINU,9
0xda69c76488489bd3beeb3495c376d452a36343e3,Parrot,18
0xda9fdab21bc4a5811134a6e0ba6ca06624e67c07,QUIDD,18
0xdac17f958d2ee523a2206206994597c13d831ec7,USDT,6
0xdacd69347de42babfaecd09dc88958378780fb62,ATRI,0
0xdb0170e2d0c1cc1b2e7a90313d9b9afa4f250289,ADAPAD,18
0xdb0f18081b505a7de20b18ac41856bcb4ba86a1a,pWING,9
0xdb25f211ab05b1c97d595516f45794528a807ad8,EURS,2
0xdb298285fe4c5410b05390ca80e8fbe9de1f259b,FOREX,18
0xdb3c2515da400e11bcaf84f3b5286f18fff1868f,WTON,9
0xdb467b5bc54e996bdbef943ebbbd91fa4d514d78,REDDIT,18
0xdb5c3c46e28b53a39c255aa39a411dd64e5fed9c,NCR,18
0xdb726152680ece3c9291f1016f1d36f3995f6941,MEDIA,6
0xdb792b1d8869a7cfc34916d6c845ff05a7c9b789,ccBCH,8
0xdb85f6685950e285b1e611037bebe5b34e2b7d78,WZANO,18
0xdb8a9e26bf319d1bbd04a8e13b02652c0b14b400,wBOND,18
0xdbdb4d16eda451d0503b854cf79d55697f90c8df,ALCX,18
0xdbdd6f355a37b94e6c7d32fef548e98a280b8df5,UWL,18
0xdbddf072d7aae7b9288e31a4eebe6c54e3a143b1,CRWNY,18
0xdc349913d53b446485e98b76800b6254f43df695,BEZOGE,9
0xdc5864ede28bd4405aa04d93e05a0531797d9d59,FNT,6
0xdc59ac4fefa32293a95889dc396682858d52e5db,BEAN,6
0xdc8af07a7861bedd104b8093ae3e9376fc8596d2,RVF,18
0xdc98c5543f3004debfaad8966ec403093d0aa4a8,PEBBLE,18
0xdc9ac3c20d1ed0b540df9b1fedc10039df13f99c,UTK,18
0xdcb01cc464238396e213a6fdd933e36796eaff9f,YLD,18
0xdd0020b1d5ba47a54e2eb16800d73beb6546f91a,AXPR,18
0xdd1ad9a21ce722c151a836373babe42c868ce9a4,UBI,18
0xdd7168922374d52a357bd501a54d50ec72088653,SHIMA,9
0xdd974d5c2e2928dea5f71b9825b8b646686bd200,KNC,18
0xddac9c604ba6bc4acec0fbb485b83f390ecf2f31,CyOp,9
0xddb3422497e61e13543bea06989c0789117555c5,COTI,18
0xddd6a0ecc3c6f6c102e5ea3d8af7b801d1a77ac8,UNIX,18
0xdddddd4301a082e62e84e43f474f044423921918,DVF,18
0xde2ed90766a173f3e43c77f010af8373bd311dcd,DISNEY,18
0xde30da39c46104798bb5aa3fe8b9e0e1f348163f,GTC,18
0xde4ee8057785a7e8e800db58f9784845a5c2cbd6,DEXE,18
0xde72a052cbb212eff11a4a33d61df9c5a2de8dd1,SHUNAV2,9
0xde74bb5a16000deea9eb26ef3941344325dbdb8c,FLUFFY,18
0xdef1da03061ddd2a5ef6c59220c135dec623116d,L3P,18
0xdef1fac7bf08f173d286bbbdcbeeade695129840,CERBY,18
0xdefac16715671b7b6aeefe012125f1e19ee4b7d7,FACTR,18
0xdf09a216fac5adc3e640db418c0b956076509503,PKN,18
0xdf290b162a7d3e0a328cf198308d421954f08b94,BP,18
0xdf2c7238198ad8b389666574f2d8bc411a4b7428,MFT,18
0xdf801468a808a32656d2ed2d2d80b72a129739f4,CUBE,8
0xdfdb7f72c1f195c5951a234e8db9806eb0635346,NFD,18
0xdfdd3459d4f87234751696840092ee20c970fb07,MYOBU,9
0xe0955f26515d22e347b17669993fcefcc73c3a0a,STACKER,18
0xe096b6fe1e652e015ab1ef56f65b4aad22702456,SAO,18
0xe0a189c975e4928222978a74517442239a0b86ff,KEYS,9
0xe0ad1806fd3e7edf6ff52fdb822432e847411033,ONX,18
0xe0aee745b22c522de621f826a9453f534808dfd0,MCU,9
0xe0b7927c4af23765cb51314a0e0521a9645f0e2a,DGD,9
0xe0b9a2c3e9f40cf74b2c7f591b2b0cca055c3112,GS,18
0xe0d2f5c883d5d470d16fa6dd73610bb4253577ff,MCM,9
0xe0df31d06d72b2f5231489af0edc422b372f49f1,MX,18
0xe0e05c43c097b0982db6c9d626c4eb9e95c3b9ce,USF,18
0xe1030b48b2033314979143766d7dc1f40ef8ce11,PEEPS,18
0xe18024f4838962d61eb591982390dffc762f2cd7,JOJO,9
0xe18841d7a75866688e291703bde66c3378bd74a3,VERSE2,18
0xe1a4c5bbb704a92599fedb191f451e0d3a1ed842,NAME,18
0xe1c7e30c42c24582888c758984f6e382096786bd,XCUR,8
0xe1d7c7a4596b038ced2a84bf65b8647271c53208,NFTY,18
0xe1fc4455f62a6e89476f1072530c20cf1a0622da,PHTR,18
0xe2311ae37502105b442bbef831e9b53c5d2e9b3b,BANANA,18
0xe28b3b32b6c345a34ff64674606124dd5aceca30,INJ,18
0xe2dc070524a6e305ddb64d8513dc444b6a1ec845,NEX,8
0xe2e109f1b4eaa8915655fe8fdefc112a34acc5f0,DUST,18
0xe304d508ef7a50448dd68706acd0021c10b6bdca,BOBA2,18
0xe328d8daa44b766f8a2e04e0479f6b316c0bf290,L1,18
0xe37035f6a9a35c1793f838eee80e863484c3ff07,Sasumi,18
0xe3818504c1b32bf1557b16c238b2e01fd3149c17,PLR,18
0xe39135c65c8d51c1964910860f7c43e2f73988c3,PORTO,18
0xe3df5e08b72704c23229cb92fe847b23bfde9dbd,uGAS-1221,18
0xe41d2489571d322189246dafa5ebde1f4699f498,ZRX,18
0xe452e6ea2ddeb012e20db73bf5d3863a3ac8d77a,wCELO,18
0xe4815ae53b124e7263f08dcdbbb757d41ed658c6,ZKSPACE,18
0xe4cfe9eaa8cdb0942a80b7bc68fd8ab0f6d44903,XEND,18
0xe516d78d784c77d479977be58905b3f2b1111126,SPWN,18
0xe53ec727dbdeb9e2d5456c3be40cff031ab40a55,SUPER,18
0xe5a3229ccb22b6484594973a03a3851dcd948756,RAE,18
0xe5caef4af8780e59df925470b050fb23c43ca68c,FRM,6
0xe5feeac09d36b18b3fa757e5cf3f8da6b8e27f4c,NFTI,18
0xe61fdaf474fac07063f2234fb9e60c1163cfa850,COIN,18
0xe624a29cb327b03350820ef98584d56083eaf392,NAMI,9
0xe6602b34d8510b033e000975b3322537c7172441,FRR,18
0xe66b3aa360bb78468c00bebe163630269db3324f,MTO,18
0xe670924f8a6bdb8348b1c352c2c8211653545108,Yashiro,9
0xe6716b29900a5776df4bae51338f78f102333a79,BUNNYROCKET,9
0xe6f143a0e0a8f24f6294ce3432ea10fad0206920,PKEX,18
0xe6f94fa6fea330baf137fcbb148045794c7e9644,SHAKI ,18
0xe74dc43867e0cbeb208f1a012fc60dcbbf0e3044,CWAP,18
0xe76c6c83af64e4c60245d8c7de953df673a7a33d,RAIL,18
0xe796d6ca1ceb1b022ece5296226bf784110031cd,BLES,18
0xe7ae6d0c56cacaf007b7e4d312f9af686a9e9a04,VAB,18
0xe7b982f901b47d6fa21f5d1f3ad4b64c105060bf,VCRED,18
0xe7f58a92476056627f9fdb92286778abd83b285f,DWEB,18
0xe7f72bc0252ca7b16dbb72eeee1afcdb2429f2dd,NFTL,18
0xe87e15b9c7d989474cb6d8c56b3db4efad5b21e8,HOKK,18
0xe8936a5ef3f3d7d24d46984fd9d0b06270442ab5,HONEY,18
0xe8efeed457567fdda66ba8e6696538466e7f92e2,ETHERPUMP,18
0xe91cc458d632c5c260c7b0fd6cafd507b9f52ecc,CLONEX,18
0xe95a203b1a91a908f9b9ce46459d101078c2c3cb,ankrETH,18
0xe9cb3315fd1c06e4505044f9e641e93a5308ae1f,BABYSHIBA,18
0xe9cb6838902ccf711f16a9ea5a1170f8e9853c02,STRIP,18
0xe9d9721cf03711643a6e452aad4a35bebd70335a,APENOUT,18
0xe9f1d62c671efe99896492766c0b416bd3fb9e52,XOY,8
0xe9f84de264e91529af07fa2c746e934397810334,SAK3,18
0xe9f86c5c87dfa9504c630cba497571dd7d541801,BABEL,9
0xe9fba30ff18d305fea49836939eaca55f26c019c,ISLAINU,9
0xea1ea0972fa092dd463f2968f9bb51cc4c981d71,MOD,18
0xea319e87cf06203dae107dd8e5672175e3ee976c,SURF,18
0xea3983fc6d0fbbc41fb6f6091f68f3e08894dc06,UDO,18
0xea47b64e1bfccb773a0420247c0aa0a3c1d2e5c5,BAYC,18
0xea7cc765ebc94c4805e3bff28d7e4ae48d06468a,NEARPAD,18
0xeabb8996ea1662cad2f7fb715127852cd3262ae9,CNFI,18
0xeb4c2781e4eba804ce9a9803c67d0893436bb27d,renBTC,8
0xeb953eda0dc65e3246f43dc8fa13f35623bdd5ed,RAINI,18
0xebc345e12c14449f2b63f077fd86f3345b0f0d14,ESPL,18
0xebd9d99a3982d547c5bb4db7e3b1f9f14b67eb83,ID,18
0xebf2096e01455108badcbaf86ce30b6e5a72aa52,XIDR,6
0xebf56b58be8339a827f9e9bed5feae3a6c63a562,PIKACHU,9
0xec0a0915a7c3443862b678b0d4721c7ab133fdcf,WOA,18
0xec213f83defb583af3a000b1c0ada660b1902a0f,PRE,18
0xec67005c4e498ec7f55e092bd1d35cbc47c91892,MLN,18
0xeca82185adce47f39c684352b0439f030f860318,PERL,18
0xecc7a5871a68b1e15032fb9346a487f1c44d36c2,GEM,18
0xed025a9fe4b30bcd68460bca42583090c2266468,RPC,18
0xed0439eacf4c4965ae4613d77a5c2efe10e5f183,SHROOM,18
0xed04915c23f00a313a544955524eb7dbd823143d,ACH,8
0xed0d5747a9ab03a75fbfec3228cd55848245b75d,NGM,6
0xed3d4e446a96dc3b181b64b75c3c70da41dc3cbe,VDR,18
0xed40834a13129509a89be39a9be9c0e96a0ddd71,WARP,18
0xedadeb5faa413e6c8623461849dfd0b7c3790c32,OBOT,18
0xee06a81a695750e71a662b51066f2c74cf4478a0,$DG,18
0xee573a945b01b788b9287ce062a0cfc15be9fd86,XED,18
0xee9801669c6138e84bd50deb500827b776777d28,O3,18
0xeea3311250fe4c3268f8e684f7c87a82ff183ec1,ibETHv2,8
0xeeaa40b28a2d1b0b08f6f97bb1dd4b75316c6107,GOVI,18
0xeec2be5c91ae7f8a338e1e5f3b5de49d07afdc81,DPX,18
0xeeee2a622330e6d2036691e983dee87330588603,ASKO,18
0xeef9f339514298c6a857efcfc1a762af84438dee,HEZ,18
0xef3a930e1ffffacd2fc13434ac81bd278b0ecc8d,FIS,18
0xef5b32486ed432b804a51d129f4d2fbdf18057ec,PirateInu,9
0xef6344de1fcfc5f48c30234c16c1389e8cdc572c,DNA,18
0xefc996ce8341cd36c55412b51df5bbca429a7617,METAI,18
0xf009f5531de69067435e32c4b9d36077f4c4a673,UNV,18
0xf017df6d543904687cc17e7aec043ccbe9d85ba1,DoDoDo,9
0xf03f082bf49fe71c2ab8dfaf4f8d0aeaa1d3de14,PONYO,18
0xf063fe1ab7a291c5d06a86e14730b00bf24cb589,SALE,18
0xf0d243ee0d7517b1fcf2445ab624ded2dbe3ba54,ENGN,9
0xf0d33beda4d734c72684b5f9abbebf715d0a7935,NTX,6
0xf0dc76c22139ab22618ddfb498be1283254612b1,WSTR,18
0xf136d7b0b7ae5b86d21e7b78dfa95375a7360f19,TOSHI,18
0xf14b9adf84812ba463799357f4dc716b4384010b,PP,8
0xf151980e7a781481709e8195744bf2399fb3cba4,FreewayToken,18
0xf16e81dce15b08f326220742020379b855b87df9,ICE,18
0xf17e65822b568b3903685a7c9f496cf7656cc6c2,BICO,18
0xf1a91c7d44768070f711c68f33a7ca25c8d30268,C3,18
0xf1ca9cb74685755965c7458528a36934df52a3ef,AVINOC,18
0xf1f955016ecbcd7321c7266bccfb96c68ea5e49b,RLY,18
0xf203ca1769ca8e9e8fe1da9d147db68b6c919817,WNCG,18
0xf293d23bf2cdc05411ca0eddd588eb1977e8dcd4,SYLO,18
0xf32122561d51e891b823dec2b42f644884c1cd91,DEFIDO,9
0xf33121a2209609cadc7349acc9c40e41ce21c730,BAG,18
0xf34960d9d60be18cc1d5afc1a6f012a723a28811,KCS,6
0xf3ae5d769e153ef72b4e3591ac004e89f48107a1,DPR,18
0xf3cd95bca5a82d7418bce1f59dcd6aca346b4630,MASHIMA,18
0xf3d6af45c6dfec43216cc3347ea91fefba0849d1,DUBI,18
0xf3dcbc6d72a4e1892f7917b7c43b74131df8480e,BDP,18
0xf406f7a9046793267bc276908778b29563323996,VISION,18
0xf40edf22e4ab146a32ecd8d659cedc7a2a55cd43,ONEPIECE,9
0xf411903cbc70a74d22900a5de66a2dda66507255,VRA,18
0xf418588522d5dd018b425e472991e52ebbeeeeee,PUSH,18
0xf42965f82f9e3171d1205c5e3058caf324a09432,ALIEN,9
0xf442a73d52431eb39f3fca49b4a495d9ae99b1a2,UNFT,9
0xf4b5470523ccd314c6b9da041076e7d79e0df267,BBANK,18
0xf4cd3d3fda8d7fd6c5a500203e38640a70bf9577,Yf-DAI,18
0xf4d861575ecc9493420a3f5a14f85b13f0b50eb3,FCL,18
0xf4dc48d260c93ad6a96c5ce563e70ca578987c74,BABL,18
0xf4f618eff5ef36cde2fca4fbd86554c62fb1382b,AGV,18
0xf519381791c03dd7666c142d4e49fd94d3536011,ASIA,18
0xf5238462e7235c7b62811567e63dd17d12c2eaa0,CGT,8
0xf527d24391c767b86b8e91385e1ce9c54d230a2b,TZKI,9
0xf552b656022c218c26dad43ad88881fc04116f76,MORK,4
0xf5581dfefd8fb0e4aec526be659cfab1f8c781da,HOPR,18
0xf57e7e7c23978c3caec3c3548e3d615c346e79ff,IMX,18
0xf59ae934f6fe444afc309586cc60a84a0f89aaea,PDEX,18
0xf5b1fd29d23e98db2d9ebb8435e1082e3b38fb65,KISHIMOTO,9
0xf5cfbc74057c610c8ef151a439252680ac68c6dc,OCT,18
0xf5d669627376ebd411e34b98f19c868c8aba5ada,OLDAXS,18
0xf629cbd94d3791c9250152bd8dfbdf380e2a3b9c,ENJ,18
0xf657d69c62c39be9da87d0fb7625b2f730b5af8f,NOONE,9
0xf65b5c5104c4fafd4b709d9d60a185eae063276c,TRU,18
0xf6832ea221ebfdc2363729721a146e6745354b14,FRMX,18
0xf69acbe772f197ecf5bb97e095569b7ec3253f35,RERO,18
0xf7413489c474ca4399eee604716c72879eea3615,APYS,18
0xf784682c82526e245f50975190ef0fff4e4fc077,ILK,8
0xf79f9020560963422ecc9c0c04d3a21190bbf045,BABYSAITAMA,9
0xf7b1f46d8915495d68bbf6cf7341b703673c1a32,Rug Or Treat,18
0xf81f3b862848114d240c21a7ccace8d8c8d72aca,FTG,18
0xf85ba4a69ae05308249f19f5a25e9be765576340,ANTd,18
0xf8a4a419c2d7140e49ef952a7e7ae1bd4a8b6b9c,LITHT,18
0xf8afc26e56d85395d3392eaaefbf940c301d9888,TRACEROUTE,18
0xf8c3527cc04340b208c854e985240c02f7b7793f,FRONT,18
0xf8e9f10c22840b613cda05a0c5fdb59a4d6cd7ef,DOE,18
0xf938424f7210f31df2aee3011291b658f872e91e,VISR,18
0xf94b5c5651c888d928439ab6514b93944eee6f48,YLD2,18
0xf961a1fa7c781ecd23689fe1d0b7f3b6cbb2f972,MCAT20,18
0xf970b8e36e23f7fc3fd752eea86f8be8d83375a6,RCN,18
0xf98e38c3f287304a1f2d4879e741d2bf55474e84,SHAMAN,9
0xf99d58e463a2e07e5692127302c20a191861b4d6,ANY,18
0xf9fbe825bfb2bf3e387af0dc18cac8d87f29dea8,RADAR2,18
0xfa14fa6958401314851a17d6c5360ca29f74b57b,SAITO,18
0xfa5047c9c78b8877af97bdcb85db743fd7313d4a,ROOK,18
0xfa898efdb91e35bd311c45b9b955f742b6719aa2,APED,18
0xfa99a87b14b02e2240c79240c5a20f945ca5ef76,GGTK,18
0xfad45e47083e4607302aa43c65fb3106f1cd7607,HOGE,9
0xfafdf0c4c1cb09d430bf88c75d88bb46dae09967,ibAUD,18
0xfb130d93e49dca13264344966a611dc79a456bc5,DOGEGF,18
0xfb40e79e56cc7d406707b66c4fd175e07eb2ae3c,ROTTS,9
0xfb782396c9b20e564a64896181c7ac8d8979d5f4,DIVER,18
0xfb7b4564402e5500db5bb6d63ae671302777c75a,DEXT,18
0xfbbe9b1142c699512545f47937ee6fae0e4b0aa9,EDDA,18
0xfbeea1c75e4c4465cb2fccc9c6d6afe984558e20,DDIM,18
0xfc05205ff402849b081e72ae4f8fc93cbdf40db1,Lelouch,9
0xfc0d6cf33e38bce7ca7d89c0e292274031b7157a,NTVRK,18
0xfc979087305a826c2b2a0056cfaba50aad3e6439,DAFI,18
0xfc98e825a2264d890f9a1e68ed50e1526abccacd,MCO2,18
0xfca59cd816ab1ead66534d82bc21e7515ce441cf,RARI,18
0xfcf8eda095e37a41e002e266daad7efc1579bc0a,FLEX,18
0xfd30c9bea1a952feeed2ef2c6b2ff8a8fc4aad07,KALLY,18
0xfd957f21bd95e723645c07c48a2d8acb8ffb3794,ETHM,18
0xfdc4a3fc36df16a78edcaf1b837d3acaaedb2cb4,SCIFI,18
0xfde19f0de7a4e7eca8ab29c9f202a21a3b3503de,Gil,9
0xfe2e637202056d30016725477c5da089ab0a043a,sETH2,18
0xfe3e6a25e6b192a42a44ecddcd13796471735acf,REEF,18
0xfe6643eeb6b69860a1cd62a5c36e4736d6e0fcd6,TIGGER,9
0xfe9a29ab92522d14fc65880d817214261d8479ae,SNOW,18
0xfecba472b2540c5a2d3700b2c9e06f0aa7dc6462,PINT,18
0xfee5f54e1070e7ed31be341e0a5b1e847f6a84ab,ZUG,18
0xff1d3d9ddff8fa05c064349f118bb3d95ba65c85,LVLUP,18
0xff20817765cb7f73d4bde2e66e067e58d11095c2,AMP,18
0xff56cc6b1e6ded347aa0b7676c85ab0b3d08b0fa,ORBS,18
0xff75ced57419bcaebe5f05254983b013b0646ef5,COOK,18
0xffbf315f70e458e49229654dea4ce192d26f9b25,VOLT,18
0xffffffff2ba8f66d4e51811c5190992176930278,COMBO,18
0x02c7C2Bd1F9b4c7FC2b3321fDE72b942E41b990F,BEAST,9
0x1e2C4fb7eDE391d116E6B41cD0608260e8801D59,bCSPX,18
0v0000000000000000000000000000000000000018,vCSPX,18
0xBe9895146f7AF43049ca1c1AE358B0541Ea49704,cbETH,18
0xAf5191B0De278C7286d6C7CC6ab6BB8A73bA2Cd6,STG,18
0x5E8422345238F34275888049021821E8E08CAa1f,frxETH,18
0x183015a9bA6fF60230fdEaDc3F43b3D788b13e21,R,18
0x6667c6fa9f2b3Fc1Cc8D85320b62703d938E4385,bb-a-DAI,18
0xA1697F9Af0875B63DdC472d6EeBADa8C1fAB8568,bb-a-USDT,18
0xcbFA4532D8B2ade2C261D3DD5ef2A2284f792692,bb-a-USDC,18
